customer_id,tenure_months,monthly_charges,total_charges,contract_type,payment_method,support_tickets,avg_session_minutes,num_products,has_premium_support,is_senior,churned
C000000,36,67.19,2391.09,one-year,credit_card,0,32.7,1,yes,1,0
C000001,51,61.94,,one-year,electronic_check,0,27.4,1,no,0,0
C000002,3,55.06,164.38,one-year,credit_card,0,38.5,1,no,0,1
C000003,8,55.8,437.29,one-year,electronic_check,5,20.8,1,no,0,0
C000004,22,44.64,929.8,month-to-month,bank_transfer,0,18.5,1,no,0,0
C000005,18,53.67,940.18,one-year,credit_card,0,20.2,1,no,0,0
C000006,35,94.81,3445.2,month-to-month,mailed_check,1,22.8,3,no,0,0
C000007,6,93.16,570.97,month-to-month,electronic_check,1,17.1,3,no,0,0
C000008,28,57.73,1640.88,two-year,mailed_check,1,32.3,1,yes,0,0
C000009,46,70.11,3110.98,two-year,credit_card,0,8.1,2,yes,0,0
C000010,4,77.12,300.43,two-year,credit_card,0,15.0,2,no,0,0
C000011,33,61.0,2025.11,month-to-month,credit_card,0,22.0,1,no,1,1
C000012,26,89.67,2353.82,month-to-month,bank_transfer,1,5.1,3,no,0,1
C000013,8,76.45,620.33,month-to-month,electronic_check,1,12.7,2,no,0,0
C000014,6,93.36,557.64,month-to-month,bank_transfer,0,25.7,3,no,0,0
C000015,47,77.86,3728.07,one-year,mailed_check,0,4.6,1,no,0,0
C000016,5,71.69,365.43,month-to-month,bank_transfer,0,19.9,2,yes,0,1
C000017,17,71.97,1195.74,month-to-month,credit_card,0,33.8,1,no,0,0
C000018,54,59.76,3152.14,one-year,electronic_check,0,30.9,1,yes,0,0
C000019,20,68.31,1296.87,month-to-month,credit_card,0,16.3,3,yes,0,0
C000020,12,74.6,864.98,one-year,credit_card,5,17.0,1,no,0,0
C000021,72,66.64,4959.46,two-year,credit_card,0,35.1,2,no,0,0
C000022,5,90.07,464.28,one-year,bank_transfer,2,,3,no,0,0
C000023,11,73.98,820.04,month-to-month,electronic_check,0,13.4,1,no,0,1
C000024,58,91.83,5516.0,two-year,credit_card,1,19.2,2,no,0,0
C000025,24,68.59,1564.54,month-to-month,bank_transfer,0,17.2,1,no,0,0
C000026,12,76.04,874.59,month-to-month,electronic_check,0,23.8,2,no,0,0
C000027,15,74.67,1148.95,month-to-month,bank_transfer,4,18.7,2,no,0,0
C000028,34,75.33,2496.57,month-to-month,credit_card,1,8.1,1,no,0,0
C000029,16,102.33,1637.77,one-year,credit_card,0,21.8,3,no,0,0
C000030,34,81.07,2686.7,month-to-month,mailed_check,0,15.8,3,yes,0,0
C000031,1,425.76,70.58,two-year,electronic_check,0,12.1,2,no,0,0
C000032,39,84.61,3418.9,month-to-month,credit_card,0,26.7,2,yes,1,0
C000033,43,61.16,2537.85,one-year,bank_transfer,3,29.9,1,no,0,0
C000034,32,82.87,2600.57,two-year,credit_card,1,21.9,2,no,0,0
C000035,7,84.71,563.73,month-to-month,credit_card,1,2.0,2,yes,0,0
C000036,55,48.63,2755.13,one-year,electronic_check,1,16.4,1,no,0,0
C000037,7,634.6,622.0,month-to-month,credit_card,0,14.7,2,yes,0,0
C000038,15,54.69,793.76,month-to-month,mailed_check,0,23.7,1,no,0,0
C000039,14,65.31,904.48,one-year,credit_card,1,6.9,1,no,0,0
C000040,34,59.84,2081.62,one-year,credit_card,4,22.1,2,yes,0,0
C000041,19,78.3,,month-to-month,credit_card,3,16.0,2,no,0,0
C000042,26,52.26,1290.75,month-to-month,bank_transfer,1,24.3,1,no,0,1
C000043,43,60.99,2656.39,one-year,credit_card,0,24.3,1,yes,0,0
C000044,16,94.55,1539.22,one-year,credit_card,0,10.6,3,no,0,0
C000045,26,73.9,1931.96,one-year,credit_card,0,18.1,3,no,1,0
C000046,65,704.51,6345.85,two-year,electronic_check,0,24.8,3,no,0,0
C000047,34,93.11,3241.4,one-year,electronic_check,0,32.5,2,no,1,0
C000048,17,89.48,1536.46,one-year,bank_transfer,2,38.9,2,yes,0,0
C000049,1,83.62,86.65,month-to-month,credit_card,2,21.3,2,no,0,1
C000050,20,92.89,1902.89,one-year,credit_card,0,18.9,4,no,0,0
C000051,36,67.8,2313.33,two-year,electronic_check,2,43.0,1,no,0,0
C000052,4,89.81,373.07,month-to-month,electronic_check,0,25.6,3,no,0,0
C000053,25,79.05,1927.81,two-year,credit_card,1,7.8,3,yes,1,0
C000054,6,73.23,413.85,month-to-month,electronic_check,5,21.7,2,yes,0,0
C000055,4,112.3,461.53,one-year,bank_transfer,1,20.6,4,no,0,0
C000056,7,111.09,762.16,two-year,mailed_check,0,28.7,4,no,0,0
C000057,29,65.86,1834.93,month-to-month,bank_transfer,4,32.5,2,no,0,0
C000058,31,76.87,2309.35,month-to-month,credit_card,2,15.0,1,no,0,0
C000059,30,79.9,2395.83,one-year,credit_card,2,14.9,2,no,0,0
C000060,19,69.8,1263.59,month-to-month,bank_transfer,5,,2,no,0,0
C000061,70,60.26,4061.97,two-year,electronic_check,0,18.0,1,no,0,0
C000062,43,84.21,3757.24,two-year,credit_card,0,5.9,3,no,0,0
C000063,55,62.29,3328.85,one-year,bank_transfer,3,14.7,2,no,0,0
C000064,3,75.47,228.04,month-to-month,electronic_check,0,15.2,1,no,1,0
C000065,18,79.41,1472.99,one-year,mailed_check,0,24.9,2,no,0,0
C000066,28,60.35,1666.21,month-to-month,credit_card,0,13.6,1,no,0,0
C000067,7,71.0,467.49,one-year,credit_card,1,9.6,2,yes,0,0
C000068,25,87.27,2182.38,month-to-month,bank_transfer,1,25.2,3,yes,0,0
C000069,7,81.66,560.33,month-to-month,credit_card,0,10.5,3,no,0,0
C000070,33,76.7,2528.0,month-to-month,credit_card,0,18.8,2,yes,0,0
C000071,11,66.7,,month-to-month,credit_card,6,21.6,1,yes,0,1
C000072,11,64.75,732.37,one-year,bank_transfer,0,18.3,1,yes,0,0
C000073,38,48.55,1783.41,month-to-month,bank_transfer,2,18.4,1,no,0,0
C000074,4,77.29,320.66,one-year,credit_card,0,1.5,2,no,0,0
C000075,14,67.84,930.31,month-to-month,electronic_check,4,20.1,2,no,0,1
C000076,26,70.96,1798.22,one-year,bank_transfer,0,20.2,1,yes,1,0
C000077,36,53.28,1984.35,month-to-month,electronic_check,2,38.9,1,yes,0,1
C000078,18,49.99,916.71,month-to-month,credit_card,4,9.7,1,no,0,0
C000079,1,69.85,72.05,one-year,bank_transfer,0,19.0,2,no,0,0
C000080,6,71.42,443.33,one-year,electronic_check,2,18.3,2,no,1,1
C000081,13,86.08,1095.74,month-to-month,credit_card,7,34.4,3,no,1,0
C000082,28,58.09,1648.39,month-to-month,credit_card,5,27.7,1,no,0,0
C000083,31,51.48,1579.18,month-to-month,credit_card,1,26.8,1,yes,0,0
C000084,32,70.56,2129.84,two-year,bank_transfer,0,25.1,1,no,0,0
C000085,31,50.16,1467.58,month-to-month,bank_transfer,0,11.6,1,no,0,0
C000086,26,72.64,1842.94,one-year,electronic_check,3,7.9,2,no,0,0
C000087,30,69.04,2076.68,month-to-month,credit_card,1,25.2,1,yes,0,0
C000088,40,73.32,2784.9,month-to-month,credit_card,0,21.7,1,no,1,0
C000089,21,61.46,1303.31,month-to-month,bank_transfer,2,22.1,1,yes,1,0
C000090,24,90.5,2178.6,one-year,bank_transfer,2,20.7,3,no,0,0
C000091,26,63.67,1580.78,two-year,credit_card,1,31.5,3,yes,0,0
C000092,15,82.82,1221.47,month-to-month,electronic_check,1,18.9,3,yes,0,0
C000093,1,38.62,36.7,month-to-month,bank_transfer,5,21.6,1,yes,0,1
C000094,36,70.63,2483.81,one-year,electronic_check,0,19.6,1,no,0,0
C000095,32,95.92,3069.78,month-to-month,bank_transfer,6,17.4,2,no,0,0
C000096,17,75.8,1233.18,month-to-month,credit_card,6,22.2,3,no,1,1
C000097,11,94.46,1001.44,month-to-month,bank_transfer,2,17.7,4,yes,0,0
C000098,11,72.25,815.04,month-to-month,mailed_check,5,11.0,2,yes,0,0
C000099,47,76.25,3556.59,one-year,credit_card,0,24.2,2,no,0,0
C000100,34,91.62,3184.15,month-to-month,credit_card,0,31.3,3,yes,0,0
C000101,35,52.84,1772.25,month-to-month,electronic_check,1,22.4,1,yes,1,0
C000102,38,70.45,2569.17,one-year,bank_transfer,0,31.2,1,no,0,0
C000103,46,60.05,2763.33,one-year,bank_transfer,4,24.3,1,no,0,0
C000104,71,49.03,3408.89,two-year,bank_transfer,2,23.0,1,no,1,0
C000105,19,61.94,1110.16,month-to-month,credit_card,4,43.7,1,no,0,0
C000106,10,85.18,878.63,month-to-month,electronic_check,1,29.8,3,no,0,0
C000107,11,58.7,628.72,one-year,bank_transfer,3,10.6,1,yes,0,0
C000108,7,70.55,481.71,month-to-month,bank_transfer,0,31.6,2,no,1,0
C000109,37,62.58,2391.42,month-to-month,electronic_check,1,,1,no,0,0
C000110,28,80.55,2244.68,month-to-month,credit_card,0,4.3,3,no,0,0
C000111,57,37.79,2047.22,one-year,electronic_check,1,34.3,2,yes,0,0
C000112,3,80.26,235.7,month-to-month,mailed_check,1,12.9,2,no,0,0
C000113,24,96.28,2283.41,month-to-month,credit_card,4,33.0,3,yes,0,1
C000114,23,93.12,2153.93,one-year,bank_transfer,1,2.4,2,no,1,0
C000115,13,77.58,1038.03,month-to-month,credit_card,0,25.9,2,no,1,0
C000116,20,78.32,1599.31,one-year,credit_card,1,35.6,1,no,0,0
C000117,61,55.09,3484.18,two-year,electronic_check,0,6.4,1,no,0,0
C000118,32,79.16,2421.48,two-year,bank_transfer,1,21.8,1,no,0,0
C000119,27,97.49,2480.11,two-year,electronic_check,0,32.8,3,yes,0,0
C000120,60,88.97,5401.37,two-year,electronic_check,1,31.5,2,no,1,0
C000121,22,80.18,1823.38,month-to-month,credit_card,1,29.0,2,no,0,0
C000122,5,71.56,352.75,two-year,credit_card,6,5.6,1,no,0,0
C000123,18,53.9,940.63,month-to-month,credit_card,0,27.0,1,no,0,0
C000124,2,68.66,132.18,month-to-month,credit_card,0,10.3,1,no,0,0
C000125,71,49.48,3325.84,two-year,electronic_check,0,28.7,1,no,0,0
C000126,15,76.54,1152.54,month-to-month,bank_transfer,0,33.8,2,no,0,0
C000127,20,101.33,1917.03,month-to-month,electronic_check,1,12.1,3,yes,1,0
C000128,6,62.33,381.64,month-to-month,electronic_check,4,16.0,2,no,0,1
C000129,30,73.47,2205.64,two-year,credit_card,0,20.2,1,yes,0,0
C000130,10,81.95,783.96,one-year,bank_transfer,3,17.3,2,no,0,0
C000131,51,59.13,,one-year,electronic_check,1,9.1,1,no,0,0
C000132,8,43.29,344.66,month-to-month,electronic_check,4,9.8,2,no,0,1
C000133,43,66.71,2868.75,one-year,mailed_check,0,22.8,1,yes,0,0
C000134,28,70.42,1988.49,month-to-month,credit_card,1,22.8,2,no,0,0
C000135,39,92.4,3468.13,one-year,credit_card,0,23.8,4,yes,1,0
C000136,41,73.3,2899.85,one-year,mailed_check,0,34.5,2,yes,0,0
C000137,21,600.46,1456.4,month-to-month,electronic_check,1,32.4,1,no,0,0
C000138,20,81.14,1619.3,one-year,electronic_check,0,30.8,2,no,0,0
C000139,40,66.8,2714.42,month-to-month,electronic_check,3,10.6,2,no,1,0
C000140,22,76.07,1670.68,one-year,mailed_check,0,1.5,1,no,1,1
C000141,14,78.3,1055.41,one-year,electronic_check,6,25.2,1,no,0,0
C000142,7,59.77,411.04,month-to-month,credit_card,0,19.0,2,no,1,0
C000143,37,77.19,2738.8,month-to-month,electronic_check,0,2.1,1,no,0,1
C000144,24,83.64,1932.3,month-to-month,bank_transfer,1,10.3,2,yes,0,0
C000145,51,100.52,4918.53,two-year,bank_transfer,0,17.5,2,no,0,0
C000146,17,113.11,1860.24,month-to-month,credit_card,0,51.3,4,yes,0,0
C000147,72,69.1,5166.17,two-year,electronic_check,0,17.2,1,yes,0,0
C000148,42,101.19,4202.19,one-year,electronic_check,0,33.4,4,no,0,0
C000149,32,101.33,3352.37,month-to-month,electronic_check,3,28.5,4,no,0,0
C000150,45,98.23,4218.02,two-year,credit_card,0,20.4,3,no,0,0
C000151,14,109.24,1519.49,one-year,credit_card,7,19.2,3,yes,1,1
C000152,21,104.49,2112.42,month-to-month,electronic_check,0,30.9,4,no,0,0
C000153,40,69.89,2860.05,month-to-month,credit_card,1,16.8,1,no,1,0
C000154,20,104.89,1973.56,month-to-month,credit_card,0,33.4,3,no,1,0
C000155,34,70.2,2336.18,month-to-month,credit_card,2,14.1,2,no,0,0
C000156,14,67.78,944.05,month-to-month,bank_transfer,0,26.7,2,no,0,0
C000157,5,81.1,419.43,one-year,mailed_check,1,27.8,1,no,0,1
C000158,33,49.9,1556.33,two-year,electronic_check,5,13.3,1,no,0,0
C000159,30,76.18,2234.46,one-year,credit_card,2,28.8,2,no,0,0
C000160,27,77.84,2025.1,two-year,credit_card,0,16.8,3,no,0,0
C000161,12,43.79,498.09,month-to-month,credit_card,2,31.9,1,no,1,0
C000162,23,62.56,1492.91,month-to-month,bank_transfer,0,38.9,1,no,0,0
C000163,42,96.04,4142.66,two-year,electronic_check,0,25.0,3,yes,0,0
C000164,55,72.8,3984.27,one-year,credit_card,1,10.4,2,no,0,0
C000165,44,88.78,3835.54,two-year,electronic_check,4,24.5,2,yes,0,0
C000166,30,56.28,1696.97,one-year,mailed_check,1,19.1,1,yes,0,1
C000167,36,93.19,3372.86,one-year,electronic_check,2,31.2,2,yes,0,1
C000168,18,103.64,1855.27,two-year,electronic_check,1,13.5,4,no,0,0
C000169,26,109.13,2676.58,one-year,credit_card,2,19.7,4,yes,0,0
C000170,6,81.38,493.02,month-to-month,bank_transfer,0,38.8,2,no,0,1
C000171,3,63.0,188.63,month-to-month,electronic_check,2,14.6,1,no,0,1
C000172,36,65.8,2280.26,month-to-month,bank_transfer,0,,2,no,0,0
C000173,42,85.43,3715.2,one-year,credit_card,1,34.5,3,no,1,0
C000174,2,60.88,115.35,month-to-month,electronic_check,1,18.3,1,no,0,0
C000175,34,72.85,2358.28,month-to-month,electronic_check,0,19.6,2,no,0,0
C000176,44,66.23,3016.63,two-year,bank_transfer,0,11.4,1,no,0,0
C000177,35,100.48,3366.14,one-year,electronic_check,0,30.6,2,no,0,0
C000178,5,55.09,282.64,two-year,mailed_check,1,23.0,1,no,0,0
C000179,25,109.06,2635.35,month-to-month,bank_transfer,1,,3,no,0,0
C000180,45,94.38,4301.47,one-year,electronic_check,4,14.5,3,no,0,0
C000181,31,55.69,1691.82,one-year,mailed_check,1,26.3,1,yes,0,0
C000182,4,63.76,240.58,month-to-month,electronic_check,3,32.4,1,yes,0,1
C000183,3,112.48,330.53,month-to-month,bank_transfer,2,16.4,4,no,0,1
C000184,12,94.23,1081.37,month-to-month,credit_card,1,32.8,3,yes,1,0
C000185,7,80.73,,month-to-month,credit_card,0,3.7,2,no,0,0
C000186,3,95.49,292.76,one-year,mailed_check,2,26.0,2,no,0,1
C000187,19,72.32,1299.14,month-to-month,credit_card,1,24.6,2,no,1,0
C000188,33,56.1,1805.11,month-to-month,credit_card,0,20.7,1,no,0,0
C000189,16,38.93,630.41,one-year,electronic_check,3,48.1,1,no,0,0
C000190,18,76.51,1396.02,month-to-month,bank_transfer,2,23.4,1,yes,1,1
C000191,18,82.5,1399.81,month-to-month,electronic_check,0,16.9,3,yes,1,1
C000192,8,82.74,657.04,one-year,electronic_check,2,39.5,2,yes,0,0
C000193,29,71.78,2155.98,month-to-month,credit_card,2,34.9,2,no,0,0
C000194,20,53.47,1076.43,month-to-month,credit_card,0,15.0,1,no,0,0
C000195,25,74.56,1907.49,one-year,bank_transfer,1,30.8,2,no,0,0
C000196,39,92.42,3533.58,one-year,credit_card,2,17.0,2,no,1,0
C000197,54,70.63,3779.59,one-year,bank_transfer,0,11.9,1,no,0,0
C000198,44,78.08,3445.79,one-year,bank_transfer,0,28.9,3,no,0,0
C000199,31,46.62,,month-to-month,credit_card,2,43.5,1,no,0,0
C000200,4,50.32,207.04,one-year,credit_card,2,22.7,1,no,1,1
C000201,21,59.95,1300.53,one-year,credit_card,3,6.9,2,no,0,0
C000202,6,69.78,399.69,two-year,credit_card,1,44.8,2,no,0,0
C000203,21,80.1,1711.66,month-to-month,bank_transfer,1,12.3,2,no,0,1
C000204,1,116.26,113.81,month-to-month,electronic_check,0,22.1,4,no,0,1
C000205,10,55.49,544.12,month-to-month,electronic_check,2,26.8,1,yes,0,0
C000206,10,90.21,,two-year,credit_card,1,38.2,3,no,0,0
C000207,10,77.49,733.34,two-year,electronic_check,2,22.6,2,yes,0,1
C000208,4,92.46,356.53,one-year,mailed_check,2,11.3,3,no,0,0
C000209,19,70.13,1364.43,month-to-month,electronic_check,0,28.0,2,yes,0,1
C000210,6,108.39,656.91,month-to-month,electronic_check,0,23.0,4,no,0,0
C000211,10,100.46,1027.55,month-to-month,bank_transfer,0,10.2,4,no,0,1
C000212,23,72.11,1607.08,one-year,electronic_check,5,27.6,1,no,0,0
C000213,9,71.37,653.08,month-to-month,credit_card,3,29.5,2,yes,1,0
C000214,7,69.74,496.48,one-year,bank_transfer,0,26.4,2,yes,0,0
C000215,50,111.86,5312.15,two-year,credit_card,0,,4,no,0,0
C000216,11,57.91,611.22,month-to-month,credit_card,1,10.4,1,no,1,0
C000217,14,59.29,861.73,month-to-month,credit_card,0,13.1,1,no,0,0
C000218,20,70.94,1472.43,one-year,electronic_check,3,25.6,2,no,0,0
C000219,22,70.02,1526.31,month-to-month,credit_card,2,10.9,1,no,0,1
C000220,3,74.92,217.52,one-year,mailed_check,0,35.9,2,no,0,0
C000221,31,68.27,2042.56,month-to-month,credit_card,2,18.6,1,no,0,0
C000222,45,55.33,2436.08,one-year,electronic_check,0,6.5,1,no,0,0
C000223,36,65.66,2287.16,one-year,mailed_check,0,11.4,2,yes,0,0
C000224,36,55.68,1989.83,month-to-month,bank_transfer,0,44.5,1,yes,1,0
C000225,31,59.91,1823.92,month-to-month,credit_card,0,17.8,2,no,0,0
C000226,33,65.76,2132.15,month-to-month,credit_card,0,11.9,1,no,1,1
C000227,36,65.8,2295.06,month-to-month,credit_card,0,25.7,2,yes,0,0
C000228,37,44.99,1569.08,month-to-month,mailed_check,0,9.3,1,yes,0,0
C000229,35,84.28,2831.59,two-year,credit_card,1,23.0,3,yes,0,0
C000230,28,79.83,2270.58,month-to-month,credit_card,0,37.0,2,no,0,1
C000231,10,68.3,675.14,month-to-month,credit_card,3,22.0,2,yes,0,0
C000232,1,76.97,78.3,month-to-month,electronic_check,4,24.4,2,yes,0,1
C000233,26,45.45,1149.75,one-year,credit_card,0,21.7,1,yes,0,0
C000234,34,105.09,3650.17,month-to-month,credit_card,0,20.1,4,no,1,0
C000235,13,59.38,801.71,one-year,bank_transfer,4,20.0,2,yes,0,1
C000236,27,71.7,1902.37,month-to-month,credit_card,0,36.9,2,no,0,0
C000237,16,101.93,1565.67,two-year,credit_card,2,27.7,3,no,0,0
C000238,24,92.88,2300.22,month-to-month,electronic_check,2,43.4,3,no,0,0
C000239,17,61.62,1044.25,month-to-month,credit_card,1,32.7,1,no,0,0
C000240,14,84.28,1208.29,month-to-month,bank_transfer,1,23.0,3,no,0,1
C000241,8,65.06,495.75,month-to-month,credit_card,7,41.3,1,no,0,0
C000242,35,54.28,1831.53,month-to-month,electronic_check,0,18.1,1,no,0,0
C000243,16,63.34,1020.81,two-year,electronic_check,0,22.1,1,yes,0,0
C000244,22,74.94,1625.85,month-to-month,credit_card,0,1.5,2,no,1,0
C000245,31,73.39,2220.37,month-to-month,electronic_check,0,37.7,2,no,0,0
C000246,25,101.43,2621.53,month-to-month,electronic_check,3,15.3,4,yes,0,0
C000247,29,25.46,,month-to-month,bank_transfer,1,17.8,1,yes,0,0
C000248,15,47.05,,month-to-month,electronic_check,0,21.5,1,no,1,0
C000249,21,81.63,1676.33,month-to-month,credit_card,1,10.4,1,no,0,0
C000250,20,87.88,1754.09,month-to-month,mailed_check,4,20.3,2,no,0,0
C000251,27,81.74,2161.64,month-to-month,mailed_check,2,18.6,2,no,0,1
C000252,12,98.47,1128.71,month-to-month,bank_transfer,0,,4,yes,0,0
C000253,31,61.39,1795.14,month-to-month,credit_card,0,19.5,1,no,1,0
C000254,40,47.72,1881.43,month-to-month,credit_card,4,11.9,1,no,0,0
C000255,2,63.79,121.78,two-year,credit_card,0,26.9,2,no,0,0
C000256,56,75.45,4185.89,one-year,credit_card,2,20.0,1,no,0,0
C000257,18,54.61,997.37,month-to-month,credit_card,2,31.5,1,no,0,0
C000258,5,41.64,208.16,month-to-month,credit_card,2,29.2,1,no,0,1
C000259,25,60.09,1500.19,month-to-month,bank_transfer,0,25.5,1,yes,0,0
C000260,4,109.54,433.63,month-to-month,credit_card,0,7.8,3,no,0,1
C000261,34,89.6,3096.91,month-to-month,electronic_check,0,9.4,2,no,0,0
C000262,38,62.79,2437.83,one-year,credit_card,0,31.5,1,yes,0,0
C000263,31,76.42,2456.45,month-to-month,mailed_check,3,8.9,2,yes,0,1
C000264,20,98.74,1885.09,month-to-month,electronic_check,6,23.4,3,yes,0,1
C000265,9,77.23,697.08,month-to-month,electronic_check,0,30.1,1,no,1,1
C000266,2,35.52,67.1,month-to-month,bank_transfer,0,11.4,1,no,0,1
C000267,30,97.27,2801.22,one-year,electronic_check,3,16.8,4,yes,0,0
C000268,40,50.34,2065.37,month-to-month,credit_card,2,18.0,1,yes,1,0
C000269,16,66.21,1097.88,two-year,credit_card,1,14.9,1,no,0,0
C000270,12,75.87,903.71,month-to-month,bank_transfer,0,19.0,2,no,1,0
C000271,12,84.57,980.25,month-to-month,bank_transfer,3,9.0,2,no,1,0
C000272,53,56.4,2961.83,two-year,credit_card,2,,2,no,0,0
C000273,49,78.66,3692.89,two-year,credit_card,0,15.4,2,yes,0,0
C000274,59,80.14,4491.68,two-year,mailed_check,1,6.5,3,no,1,0
C000275,11,80.22,843.1,month-to-month,credit_card,0,27.8,1,no,0,0
C000276,3,99.8,288.8,month-to-month,credit_card,0,3.5,2,no,0,1
C000277,38,59.82,2315.51,month-to-month,bank_transfer,0,21.3,1,no,0,0
C000278,39,70.06,2684.14,month-to-month,bank_transfer,5,,2,yes,0,0
C000279,37,72.67,2623.06,month-to-month,electronic_check,3,19.1,1,yes,1,0
C000280,56,74.14,3936.96,one-year,electronic_check,0,21.4,2,no,0,0
C000281,18,38.7,716.06,one-year,credit_card,2,25.8,2,no,0,1
C000282,33,122.64,3969.08,month-to-month,credit_card,2,32.6,4,no,0,0
C000283,31,66.62,2101.0,month-to-month,electronic_check,1,31.7,1,no,1,0
C000284,6,68.58,421.01,month-to-month,credit_card,5,29.1,1,yes,0,1
C000285,58,75.69,4380.35,one-year,credit_card,2,19.3,3,no,1,0
C000286,28,57.08,1566.58,month-to-month,mailed_check,1,19.0,1,no,0,0
C000287,27,78.09,2005.19,month-to-month,credit_card,4,9.5,2,no,0,0
C000288,26,52.98,1299.84,month-to-month,electronic_check,1,29.4,1,yes,0,0
C000289,15,72.65,1098.98,one-year,bank_transfer,2,44.4,2,no,0,0
C000290,39,64.79,2625.02,month-to-month,bank_transfer,1,14.6,1,no,0,0
C000291,16,80.63,1327.06,one-year,credit_card,3,15.6,1,no,0,0
C000292,13,93.75,1155.56,month-to-month,credit_card,3,13.6,3,yes,0,0
C000293,38,44.34,1736.74,month-to-month,credit_card,1,19.5,1,yes,0,0
C000294,17,75.48,1251.05,one-year,credit_card,1,16.8,2,no,0,0
C000295,38,97.52,3559.54,month-to-month,mailed_check,0,38.7,3,no,0,0
C000296,33,91.68,3124.68,month-to-month,bank_transfer,1,20.0,3,yes,0,0
C000297,21,91.84,1944.03,one-year,bank_transfer,0,20.0,3,yes,0,0
C000298,23,44.78,1014.12,month-to-month,bank_transfer,0,24.6,2,no,0,0
C000299,14,88.82,1251.21,two-year,electronic_check,0,29.2,2,no,0,0
C000300,21,66.32,1313.41,month-to-month,electronic_check,0,5.8,1,no,0,0
C000301,19,58.45,1088.37,month-to-month,electronic_check,0,16.0,1,no,0,0
C000302,27,53.51,1482.32,month-to-month,electronic_check,2,33.2,1,no,0,0
C000303,39,88.13,3301.48,month-to-month,credit_card,2,8.6,4,no,0,1
C000304,34,50.31,1766.55,month-to-month,bank_transfer,0,14.5,1,no,0,0
C000305,20,65.37,1337.02,month-to-month,bank_transfer,1,28.5,1,no,1,0
C000306,2,93.12,186.67,month-to-month,electronic_check,4,38.8,3,yes,0,0
C000307,48,92.55,4563.36,two-year,mailed_check,0,30.7,3,no,0,0
C000308,12,80.17,957.78,month-to-month,credit_card,1,13.9,2,no,0,0
C000309,32,78.27,2509.84,month-to-month,electronic_check,4,,3,no,0,0
C000310,2,62.87,127.15,one-year,credit_card,0,13.4,1,no,0,1
C000311,13,88.46,1118.44,month-to-month,electronic_check,1,14.1,2,yes,0,0
C000312,3,58.78,181.11,one-year,credit_card,0,19.5,1,yes,0,0
C000313,23,51.03,1112.64,month-to-month,electronic_check,1,33.6,1,no,0,1
C000314,11,56.81,618.6,month-to-month,credit_card,8,27.0,1,no,0,1
C000315,10,73.89,708.19,one-year,bank_transfer,0,24.3,2,no,0,0
C000316,35,78.92,2833.14,one-year,credit_card,4,11.2,2,yes,0,0
C000317,6,85.66,488.82,month-to-month,electronic_check,2,20.9,2,no,0,1
C000318,36,77.74,2846.83,month-to-month,mailed_check,0,28.8,1,no,0,0
C000319,21,69.3,,month-to-month,electronic_check,0,19.9,1,no,0,0
C000320,4,66.01,,one-year,credit_card,0,9.2,1,no,0,1
C000321,31,54.25,1744.56,month-to-month,bank_transfer,0,29.8,3,no,1,0
C000322,31,51.95,1572.79,month-to-month,electronic_check,0,18.3,1,yes,0,0
C000323,44,53.52,2412.11,one-year,bank_transfer,2,19.5,1,no,0,0
C000324,55,67.99,3584.33,one-year,electronic_check,0,33.1,1,yes,0,0
C000325,21,78.18,1653.73,month-to-month,electronic_check,4,17.8,1,yes,0,0
C000326,27,81.55,2072.68,month-to-month,credit_card,1,18.9,2,yes,1,0
C000327,14,61.5,869.75,one-year,electronic_check,1,,2,no,0,0
C000328,22,68.65,1550.4,month-to-month,bank_transfer,1,12.9,2,no,0,0
C000329,16,80.42,1320.64,month-to-month,credit_card,7,15.7,2,no,0,1
C000330,1,67.94,69.3,one-year,bank_transfer,1,30.8,1,no,0,0
C000331,41,48.26,1954.24,one-year,credit_card,0,30.7,1,no,0,0
C000332,22,71.92,1524.2,one-year,bank_transfer,1,9.3,2,no,0,0
C000333,52,66.32,3507.12,two-year,bank_transfer,0,26.7,2,no,0,0
C000334,5,71.15,363.54,month-to-month,credit_card,0,39.0,2,yes,0,0
C000335,17,53.25,856.79,month-to-month,bank_transfer,0,17.7,1,yes,1,1
C000336,34,60.84,1960.67,one-year,credit_card,0,30.5,1,yes,1,0
C000337,49,74.24,3716.28,one-year,credit_card,2,18.1,2,no,0,0
C000338,20,63.64,1293.61,month-to-month,credit_card,0,30.4,1,no,0,0
C000339,57,72.86,3956.61,one-year,mailed_check,4,23.8,1,no,0,0
C000340,29,53.16,1474.18,month-to-month,electronic_check,1,21.7,1,no,0,0
C000341,5,74.18,372.84,month-to-month,credit_card,2,24.5,1,no,0,0
C000342,40,73.17,,month-to-month,credit_card,5,1.5,2,yes,0,0
C000343,37,81.03,2916.5,month-to-month,credit_card,0,18.8,1,no,0,0
C000344,19,32.52,638.25,two-year,bank_transfer,3,3.5,1,yes,0,0
C000345,24,77.19,1798.96,two-year,credit_card,1,26.8,2,no,0,0
C000346,1,98.21,95.21,month-to-month,mailed_check,0,,3,no,1,1
C000347,40,90.28,3723.15,month-to-month,bank_transfer,1,30.7,2,no,0,1
C000348,10,92.42,902.72,one-year,electronic_check,0,35.3,4,no,0,0
C000349,28,89.01,2522.93,month-to-month,credit_card,1,31.6,3,yes,0,0
C000350,26,96.38,2503.84,month-to-month,bank_transfer,0,10.8,2,yes,0,0
C000351,49,34.22,1641.32,one-year,bank_transfer,2,27.3,1,no,0,0
C000352,16,97.37,1541.86,month-to-month,bank_transfer,1,20.0,3,no,0,0
C000353,15,56.32,803.16,two-year,electronic_check,1,17.4,1,no,0,0
C000354,25,52.5,1354.01,one-year,electronic_check,3,20.9,1,yes,0,0
C000355,51,92.76,4593.56,one-year,credit_card,2,23.7,3,no,1,0
C000356,42,76.73,3263.67,one-year,bank_transfer,1,24.6,1,no,0,0
C000357,12,69.32,793.86,month-to-month,credit_card,0,32.6,1,no,0,0
C000358,63,62.16,3886.6,two-year,bank_transfer,1,28.0,1,no,0,0
C000359,10,64.93,655.7,month-to-month,electronic_check,1,23.8,1,no,0,0
C000360,35,86.66,2949.23,two-year,electronic_check,0,16.6,2,no,0,0
C000361,6,68.59,426.43,month-to-month,credit_card,1,26.8,1,no,0,0
C000362,48,93.3,4517.34,one-year,electronic_check,0,22.0,2,no,1,0
C000363,18,96.13,1794.03,month-to-month,credit_card,2,19.3,2,no,1,1
C000364,35,61.8,2072.0,two-year,mailed_check,0,36.6,1,no,0,0
C000365,16,53.54,870.29,month-to-month,bank_transfer,4,35.8,1,yes,0,1
C000366,2,338.09,96.66,month-to-month,electronic_check,1,29.4,1,no,0,0
C000367,14,113.58,1503.82,one-year,credit_card,0,20.5,4,no,0,0
C000368,35,78.19,2649.24,month-to-month,credit_card,0,10.8,1,no,0,0
C000369,7,73.52,520.4,month-to-month,credit_card,0,31.1,2,no,0,0
C000370,22,71.71,1564.1,month-to-month,mailed_check,2,22.7,1,yes,0,1
C000371,50,103.51,5294.56,one-year,credit_card,1,22.8,2,no,0,0
C000372,28,69.19,1849.57,month-to-month,bank_transfer,0,9.8,2,yes,0,0
C000373,12,68.95,820.69,month-to-month,mailed_check,1,25.4,1,yes,1,0
C000374,44,79.85,3450.38,one-year,bank_transfer,2,35.3,3,no,0,0
C000375,5,83.73,432.37,two-year,mailed_check,2,16.9,2,no,0,0
C000376,27,97.19,2724.19,two-year,bank_transfer,2,32.6,3,yes,0,0
C000377,2,89.97,185.56,month-to-month,mailed_check,2,1.5,2,no,0,1
C000378,16,88.01,1367.79,month-to-month,credit_card,0,18.6,3,no,0,0
C000379,40,58.04,2302.47,one-year,bank_transfer,0,31.2,1,no,0,0
C000380,20,48.26,939.99,month-to-month,bank_transfer,1,13.5,1,no,0,1
C000381,27,66.37,1736.08,two-year,credit_card,0,6.9,2,no,0,0
C000382,22,95.22,2013.57,month-to-month,bank_transfer,0,6.1,3,no,0,1
C000383,35,54.82,1840.7,one-year,credit_card,2,17.8,2,no,0,0
C000384,14,65.22,869.39,one-year,electronic_check,0,29.2,1,no,0,0
C000385,39,92.1,3563.84,month-to-month,credit_card,2,17.3,3,yes,0,0
C000386,29,90.76,2657.54,month-to-month,bank_transfer,3,26.7,3,no,0,1
C000387,40,76.54,2966.31,month-to-month,bank_transfer,0,28.2,1,yes,0,0
C000388,27,62.2,1599.82,month-to-month,bank_transfer,0,13.6,1,no,1,0
C000389,67,62.52,4152.45,two-year,bank_transfer,2,13.5,1,yes,0,0
C000390,26,91.47,2286.71,month-to-month,credit_card,0,26.1,1,no,0,0
C000391,6,68.93,403.82,two-year,bank_transfer,1,42.1,2,no,1,0
C000392,44,101.75,4623.94,one-year,electronic_check,3,25.5,2,no,1,1
C000393,14,85.07,1137.95,month-to-month,electronic_check,1,9.1,2,no,0,1
C000394,4,99.52,401.87,month-to-month,bank_transfer,0,6.1,3,yes,1,0
C000395,47,82.33,3710.58,one-year,mailed_check,1,22.4,3,no,0,0
C000396,25,82.89,2104.55,month-to-month,electronic_check,2,16.9,2,no,0,0
C000397,30,104.52,2957.61,one-year,electronic_check,2,24.4,4,no,0,0
C000398,55,82.91,4405.14,one-year,credit_card,0,21.6,2,no,0,0
C000399,11,74.54,810.27,month-to-month,mailed_check,0,38.0,2,no,0,0
C000400,26,99.1,2666.9,month-to-month,mailed_check,3,14.6,3,no,0,0
C000401,23,72.85,1679.46,month-to-month,credit_card,0,30.3,1,yes,0,0
C000402,20,102.96,2059.04,month-to-month,credit_card,0,25.7,4,yes,0,0
C000403,7,74.32,491.86,one-year,credit_card,0,9.0,2,no,0,0
C000404,28,76.68,2176.85,month-to-month,electronic_check,5,17.5,2,yes,0,1
C000405,15,77.82,1193.82,one-year,mailed_check,2,29.7,2,no,0,0
C000406,30,99.6,2999.86,month-to-month,electronic_check,1,19.7,3,yes,1,0
C000407,22,79.92,1658.84,two-year,bank_transfer,2,25.5,2,no,0,0
C000408,38,59.06,2256.73,month-to-month,credit_card,1,14.9,1,no,0,0
C000409,39,63.92,2484.48,month-to-month,bank_transfer,1,47.1,1,no,0,0
C000410,8,69.56,532.33,month-to-month,bank_transfer,1,18.8,1,no,0,0
C000411,30,60.52,1826.98,one-year,electronic_check,2,18.7,1,no,0,0
C000412,7,53.39,372.43,one-year,bank_transfer,0,21.0,1,no,0,0
C000413,10,91.49,909.68,month-to-month,credit_card,0,15.2,2,no,0,0
C000414,49,76.78,3659.83,one-year,electronic_check,0,38.2,2,no,0,0
C000415,21,80.04,1736.85,month-to-month,mailed_check,1,33.5,2,yes,0,0
C000416,8,59.0,446.16,month-to-month,electronic_check,2,7.7,1,no,1,0
C000417,21,93.28,1867.16,month-to-month,electronic_check,1,38.7,1,no,0,1
C000418,33,81.51,2580.64,one-year,electronic_check,1,17.3,3,no,0,0
C000419,15,66.64,975.03,two-year,credit_card,0,20.1,1,yes,0,0
C000420,7,73.31,484.57,two-year,bank_transfer,2,19.2,1,no,0,0
C000421,24,80.44,1933.22,month-to-month,credit_card,1,16.8,3,no,0,0
C000422,2,77.52,147.28,month-to-month,credit_card,1,24.4,2,no,0,0
C000423,4,78.87,302.0,two-year,mailed_check,3,1.5,1,no,0,0
C000424,62,78.35,4644.55,two-year,electronic_check,1,24.4,2,no,0,0
C000425,42,53.34,2315.19,two-year,mailed_check,3,33.4,1,no,1,0
C000426,3,56.17,162.36,month-to-month,bank_transfer,0,26.9,1,no,0,1
C000427,37,51.26,1958.42,month-to-month,electronic_check,0,20.1,1,no,0,0
C000428,31,74.61,2263.23,month-to-month,credit_card,3,31.1,1,no,0,0
C000429,19,72.94,1361.23,one-year,credit_card,1,29.4,1,no,0,0
C000430,21,83.19,1816.54,one-year,credit_card,2,9.1,3,no,0,0
C000431,17,86.77,1484.81,month-to-month,credit_card,1,19.9,3,no,0,0
C000432,4,47.29,188.38,month-to-month,bank_transfer,0,7.6,1,no,0,0
C000433,31,95.02,2876.67,one-year,credit_card,1,11.9,3,no,0,0
C000434,17,70.35,1199.08,two-year,credit_card,0,24.2,2,no,0,0
C000435,31,61.77,1963.66,one-year,electronic_check,1,19.4,2,no,0,0
C000436,29,54.93,1652.59,one-year,credit_card,1,33.0,1,no,0,0
C000437,3,101.83,291.79,one-year,credit_card,2,18.3,4,no,0,0
C000438,24,74.96,1718.2,month-to-month,credit_card,4,8.6,1,no,0,0
C000439,38,68.33,2641.42,one-year,credit_card,0,19.3,2,no,0,0
C000440,6,104.62,628.48,one-year,credit_card,0,17.0,4,yes,0,0
C000441,28,111.47,3211.57,month-to-month,electronic_check,0,13.8,3,no,1,0
C000442,25,58.18,1442.32,month-to-month,bank_transfer,4,23.0,1,yes,0,1
C000443,24,67.25,1582.13,month-to-month,credit_card,0,32.3,1,no,0,0
C000444,18,53.58,937.11,one-year,mailed_check,1,1.5,2,no,0,0
C000445,19,55.94,1013.65,one-year,bank_transfer,0,21.1,1,yes,1,0
C000446,23,100.07,2316.66,month-to-month,electronic_check,0,27.3,3,no,0,0
C000447,29,54.27,1520.89,month-to-month,credit_card,1,4.7,1,yes,0,0
C000448,57,60.76,3492.19,one-year,credit_card,0,18.2,2,no,0,0
C000449,9,81.66,711.44,month-to-month,electronic_check,0,13.3,3,no,0,1
C000450,24,75.96,1828.42,month-to-month,bank_transfer,0,39.8,2,no,0,1
C000451,71,62.38,4253.59,two-year,bank_transfer,0,32.4,1,no,1,0
C000452,18,91.34,1629.62,one-year,credit_card,6,19.9,3,yes,1,0
C000453,48,78.68,3824.23,one-year,credit_card,0,14.2,1,no,1,1
C000454,28,84.37,2321.21,month-to-month,mailed_check,0,25.7,2,no,1,0
C000455,26,40.38,1030.5,month-to-month,credit_card,8,18.3,1,no,1,1
C000456,22,53.87,1211.56,month-to-month,bank_transfer,0,7.6,1,yes,0,0
C000457,4,53.0,206.63,month-to-month,electronic_check,0,6.3,1,no,0,0
C000458,15,65.54,991.22,month-to-month,bank_transfer,2,23.1,1,no,0,0
C000459,5,88.36,440.95,two-year,credit_card,1,7.2,3,no,0,0
C000460,7,97.1,662.37,month-to-month,credit_card,0,9.4,3,no,0,0
C000461,34,65.59,2167.25,month-to-month,bank_transfer,0,29.9,1,yes,0,0
C000462,29,100.15,,one-year,credit_card,1,1.5,2,yes,0,0
C000463,17,79.0,1321.88,month-to-month,credit_card,0,21.7,1,no,0,0
C000464,8,56.26,465.1,month-to-month,electronic_check,0,5.9,1,yes,0,0
C000465,2,38.1,78.78,month-to-month,credit_card,2,17.1,1,no,0,0
C000466,36,70.43,2579.75,month-to-month,credit_card,0,20.4,2,yes,1,0
C000467,13,96.65,1240.88,one-year,credit_card,0,23.2,3,no,0,1
C000468,38,77.73,2921.88,month-to-month,mailed_check,1,23.9,3,no,0,1
C000469,39,68.25,2678.48,one-year,credit_card,2,23.5,1,yes,0,0
C000470,45,113.0,4838.4,one-year,electronic_check,6,18.0,4,no,0,1
C000471,48,95.73,4749.89,one-year,mailed_check,2,4.5,3,no,0,0
C000472,2,81.47,154.9,month-to-month,mailed_check,0,2.6,3,no,0,0
C000473,17,75.21,1223.32,one-year,bank_transfer,0,23.6,3,no,1,1
C000474,23,47.59,1108.11,month-to-month,credit_card,1,4.6,1,no,1,0
C000475,6,88.64,510.4,two-year,electronic_check,3,18.4,3,no,0,1
C000476,26,62.42,1605.53,one-year,credit_card,2,26.7,1,yes,1,0
C000477,9,75.98,660.69,month-to-month,electronic_check,0,20.0,3,no,0,0
C000478,8,63.78,503.84,month-to-month,bank_transfer,3,20.6,1,no,0,1
C000479,38,387.8,1783.45,one-year,bank_transfer,2,14.6,1,no,0,0
C000480,70,49.3,3386.86,two-year,credit_card,1,1.5,1,no,0,0
C000481,65,84.18,5613.87,two-year,electronic_check,0,21.3,1,no,0,0
C000482,10,57.1,573.7,month-to-month,bank_transfer,0,23.9,1,no,0,0
C000483,18,87.54,1623.68,month-to-month,bank_transfer,0,24.9,4,yes,0,0
C000484,3,84.4,248.7,one-year,bank_transfer,3,29.0,2,no,0,0
C000485,3,52.15,152.67,two-year,bank_transfer,0,6.0,1,yes,0,0
C000486,46,108.23,5176.16,one-year,electronic_check,3,17.2,4,no,1,0
C000487,17,95.63,1623.25,month-to-month,credit_card,0,27.9,3,no,0,0
C000488,15,59.82,881.44,two-year,electronic_check,0,36.9,2,yes,0,0
C000489,26,55.53,1368.42,month-to-month,electronic_check,2,25.5,2,no,0,0
C000490,35,57.06,2053.4,month-to-month,credit_card,0,,1,no,1,0
C000491,18,62.08,1066.43,month-to-month,mailed_check,0,26.5,1,yes,0,0
C000492,14,74.9,1047.5,month-to-month,credit_card,3,9.8,2,no,0,1
C000493,7,67.84,492.88,month-to-month,credit_card,4,40.3,2,no,0,0
C000494,32,40.21,1331.08,one-year,credit_card,0,15.9,1,no,0,0
C000495,36,105.24,3631.39,month-to-month,bank_transfer,2,17.4,4,no,0,0
C000496,45,86.0,3706.06,one-year,credit_card,1,5.2,2,yes,1,0
C000497,17,89.46,,one-year,mailed_check,2,24.1,4,no,0,0
C000498,12,62.44,720.89,one-year,credit_card,0,12.1,2,no,0,0
C000499,17,76.44,1320.37,month-to-month,mailed_check,3,20.5,2,no,1,0
C000500,39,81.13,2984.41,month-to-month,mailed_check,0,27.3,2,no,0,0
C000501,4,74.97,294.64,one-year,credit_card,2,14.7,1,no,0,0
C000502,4,45.4,171.14,month-to-month,mailed_check,0,21.4,1,yes,0,0
C000503,31,55.29,1761.31,month-to-month,electronic_check,0,6.9,1,no,1,0
C000504,9,61.03,516.63,month-to-month,credit_card,0,26.0,1,no,0,0
C000505,22,46.05,982.19,month-to-month,bank_transfer,0,21.7,1,no,0,0
C000506,31,65.82,2029.05,month-to-month,mailed_check,0,25.6,1,no,0,0
C000507,32,77.41,2521.79,two-year,credit_card,0,10.5,1,yes,0,0
C000508,3,42.58,131.6,month-to-month,credit_card,1,30.7,1,no,0,0
C000509,3,73.02,222.09,two-year,electronic_check,1,19.9,1,yes,0,0
C000510,39,42.89,1723.01,month-to-month,bank_transfer,2,32.7,1,no,0,0
C000511,27,88.13,2338.97,two-year,electronic_check,0,37.1,2,no,0,0
C000512,29,70.38,2008.78,one-year,credit_card,0,21.8,1,no,0,1
C000513,20,55.1,1125.68,month-to-month,electronic_check,0,7.5,1,no,1,1
C000514,37,79.42,2856.04,one-year,electronic_check,0,10.8,1,no,0,1
C000515,18,59.0,1054.43,month-to-month,electronic_check,0,19.9,2,no,0,0
C000516,11,49.05,515.41,one-year,bank_transfer,0,28.5,1,yes,0,0
C000517,28,66.95,1881.39,two-year,credit_card,0,16.5,2,yes,0,0
C000518,25,70.01,1745.5,month-to-month,bank_transfer,0,24.9,1,no,0,1
C000519,22,59.21,1234.66,month-to-month,bank_transfer,1,13.1,1,yes,0,0
C000520,24,50.57,1214.43,one-year,credit_card,1,10.6,1,yes,0,0
C000521,10,48.28,500.67,month-to-month,electronic_check,0,14.6,1,no,0,0
C000522,35,83.25,2991.65,month-to-month,credit_card,0,27.4,2,yes,0,0
C000523,19,65.05,1186.4,month-to-month,electronic_check,1,34.7,1,yes,0,0
C000524,42,75.06,,one-year,credit_card,2,34.4,2,no,0,0
C000525,9,69.31,636.93,two-year,mailed_check,1,14.0,1,no,0,0
C000526,39,65.69,2434.58,month-to-month,electronic_check,0,21.7,1,no,0,0
C000527,22,118.46,2483.82,two-year,credit_card,0,38.9,4,no,0,0
C000528,20,95.87,1814.23,month-to-month,electronic_check,0,1.5,3,no,0,1
C000529,10,53.7,543.23,month-to-month,mailed_check,0,22.8,1,no,1,1
C000530,29,104.64,2911.33,one-year,bank_transfer,3,24.8,3,no,0,0
C000531,38,42.12,1508.05,one-year,bank_transfer,1,27.2,1,no,0,0
C000532,8,74.39,612.52,one-year,credit_card,4,11.2,1,yes,0,0
C000533,5,62.35,303.08,one-year,mailed_check,1,20.4,1,yes,1,0
C000534,38,62.82,2312.99,month-to-month,mailed_check,0,28.4,1,yes,1,0
C000535,17,66.22,1137.5,month-to-month,credit_card,0,22.2,2,no,0,0
C000536,27,59.18,1578.55,month-to-month,credit_card,1,21.3,1,yes,1,0
C000537,17,69.78,1119.8,month-to-month,bank_transfer,0,28.7,3,no,1,0
C000538,25,93.85,2386.88,one-year,mailed_check,1,8.3,2,yes,0,0
C000539,9,61.13,546.53,two-year,credit_card,0,30.6,1,no,0,0
C000540,51,311.14,2332.09,one-year,electronic_check,4,36.6,1,no,0,0
C000541,15,49.67,704.42,month-to-month,bank_transfer,0,1.5,1,no,0,1
C000542,24,72.42,1745.3,month-to-month,electronic_check,0,24.6,2,no,0,0
C000543,10,71.69,732.56,month-to-month,bank_transfer,1,16.4,1,no,0,0
C000544,16,80.12,1297.67,month-to-month,credit_card,1,15.1,1,no,0,0
C000545,4,63.34,252.31,one-year,credit_card,0,27.2,2,no,0,0
C000546,9,56.11,507.31,two-year,credit_card,4,12.0,1,no,0,0
C000547,49,103.28,5203.89,one-year,bank_transfer,0,21.4,4,no,0,0
C000548,25,48.64,1244.66,one-year,credit_card,5,22.8,1,no,1,1
C000549,16,69.14,1141.79,one-year,credit_card,3,28.1,2,yes,0,0
C000550,18,125.08,2130.44,month-to-month,credit_card,0,12.2,4,no,1,0
C000551,19,38.05,681.41,one-year,bank_transfer,4,5.3,1,yes,0,0
C000552,19,64.36,1210.25,one-year,credit_card,0,26.6,1,yes,0,0
C000553,46,102.25,,two-year,electronic_check,0,23.2,2,yes,0,0
C000554,20,62.77,1255.81,one-year,credit_card,1,22.0,2,no,0,0
C000555,5,88.01,435.65,month-to-month,electronic_check,5,19.8,3,yes,0,0
C000556,21,48.77,997.57,month-to-month,credit_card,1,18.5,1,no,0,0
C000557,29,62.34,1764.71,two-year,electronic_check,1,36.5,1,no,1,0
C000558,35,91.45,3249.53,month-to-month,bank_transfer,3,2.2,3,no,0,1
C000559,14,61.07,817.5,month-to-month,credit_card,0,15.2,1,no,0,1
C000560,35,65.99,2355.16,month-to-month,bank_transfer,0,20.8,2,yes,0,0
C000561,24,60.89,1405.13,month-to-month,mailed_check,1,15.1,1,no,0,0
C000562,26,68.95,1716.98,month-to-month,bank_transfer,2,18.4,1,yes,1,0
C000563,57,94.2,5230.97,two-year,electronic_check,0,18.8,3,no,0,0
C000564,30,65.47,2018.42,one-year,electronic_check,1,10.5,1,yes,1,0
C000565,56,73.94,4296.29,two-year,electronic_check,0,7.7,2,no,0,0
C000566,38,84.98,3192.69,one-year,credit_card,0,19.1,3,yes,0,0
C000567,32,98.95,3288.73,one-year,credit_card,0,35.6,3,yes,0,0
C000568,13,74.18,915.45,one-year,bank_transfer,0,3.9,1,yes,0,0
C000569,17,64.02,1097.82,month-to-month,credit_card,0,2.7,2,yes,0,0
C000570,13,100.83,1343.9,month-to-month,electronic_check,2,9.7,3,no,0,0
C000571,66,66.6,4164.48,two-year,credit_card,3,31.5,1,no,1,0
C000572,11,53.3,572.62,month-to-month,credit_card,7,29.4,1,yes,0,1
C000573,33,58.41,,month-to-month,credit_card,0,16.9,1,no,1,0
C000574,15,59.06,881.49,month-to-month,credit_card,0,24.8,1,no,0,0
C000575,52,43.55,2317.58,one-year,electronic_check,0,24.2,1,no,0,0
C000576,48,69.52,3455.17,one-year,bank_transfer,1,12.4,2,yes,0,0
C000577,24,76.55,1812.38,month-to-month,credit_card,1,5.6,1,no,0,0
C000578,59,90.02,5447.97,two-year,credit_card,1,23.1,3,yes,0,0
C000579,32,62.88,1955.01,month-to-month,bank_transfer,2,24.9,1,no,0,0
C000580,1,77.52,77.7,month-to-month,electronic_check,4,37.9,1,no,0,1
C000581,5,86.83,428.9,month-to-month,credit_card,0,9.8,3,no,1,1
C000582,35,66.92,2385.82,month-to-month,bank_transfer,0,31.6,1,no,0,0
C000583,5,59.99,303.9,month-to-month,credit_card,0,26.2,1,yes,0,0
C000584,16,80.72,1337.99,month-to-month,bank_transfer,1,19.2,3,yes,0,0
C000585,54,55.21,3049.53,one-year,electronic_check,0,1.5,1,yes,0,0
C000586,37,61.93,2237.44,month-to-month,bank_transfer,6,16.6,1,yes,0,0
C000587,8,110.87,875.53,month-to-month,electronic_check,2,29.9,3,no,0,0
C000588,18,62.87,1067.15,two-year,electronic_check,1,8.0,2,no,1,0
C000589,28,57.81,1560.49,month-to-month,mailed_check,3,24.6,2,yes,0,0
C000590,18,93.31,1739.49,one-year,credit_card,0,17.7,2,yes,0,0
C000591,29,76.58,2289.3,one-year,electronic_check,2,21.1,1,no,0,0
C000592,17,65.68,1116.46,month-to-month,bank_transfer,0,15.2,1,no,0,0
C000593,22,67.82,1436.05,month-to-month,mailed_check,0,12.3,1,yes,0,0
C000594,6,64.16,364.46,one-year,bank_transfer,0,11.1,1,yes,0,0
C000595,31,56.88,1814.21,month-to-month,credit_card,1,13.6,1,no,0,0
C000596,2,63.01,119.16,month-to-month,credit_card,1,28.3,2,no,0,1
C000597,59,34.15,2085.48,two-year,mailed_check,2,36.3,1,no,1,0
C000598,56,60.35,3202.54,two-year,electronic_check,0,15.2,1,no,0,0
C000599,13,85.85,1069.52,month-to-month,mailed_check,0,13.3,2,yes,0,0
C000600,15,54.82,790.3,month-to-month,credit_card,0,12.5,1,no,0,0
C000601,3,72.69,212.56,month-to-month,mailed_check,2,48.7,2,no,0,1
C000602,39,53.08,1953.75,one-year,mailed_check,0,27.4,2,yes,0,0
C000603,36,66.99,2438.64,one-year,mailed_check,0,16.6,2,no,0,1
C000604,25,37.61,975.22,month-to-month,bank_transfer,0,23.3,1,yes,1,0
C000605,33,99.57,3399.39,month-to-month,bank_transfer,0,35.4,3,yes,0,1
C000606,17,110.64,1832.4,month-to-month,credit_card,2,10.0,4,no,0,1
C000607,10,62.25,618.69,month-to-month,electronic_check,0,18.5,2,no,0,1
C000608,26,66.16,1686.94,month-to-month,mailed_check,1,21.8,2,no,0,0
C000609,36,80.67,2849.35,two-year,bank_transfer,0,17.3,2,no,0,0
C000610,31,105.81,,month-to-month,bank_transfer,0,30.6,3,no,0,0
C000611,32,80.78,2502.48,month-to-month,credit_card,0,23.7,2,no,1,0
C000612,50,101.52,4854.23,one-year,credit_card,0,36.8,2,no,0,0
C000613,5,104.74,538.9,month-to-month,bank_transfer,2,10.4,3,yes,0,0
C000614,27,76.89,2006.3,one-year,credit_card,0,24.5,3,no,0,0
C000615,52,57.7,3085.93,one-year,bank_transfer,1,12.9,2,yes,0,0
C000616,24,91.3,2142.5,month-to-month,bank_transfer,0,19.5,3,yes,0,0
C000617,36,42.03,1441.93,month-to-month,credit_card,0,15.9,1,no,1,0
C000618,33,86.26,2779.46,month-to-month,credit_card,1,18.0,2,no,0,0
C000619,1,86.8,85.03,month-to-month,mailed_check,1,13.3,3,no,0,1
C000620,12,97.65,1105.79,one-year,electronic_check,0,19.0,3,no,0,0
C000621,5,73.12,367.06,month-to-month,mailed_check,0,,1,no,1,0
C000622,57,68.53,3800.42,one-year,credit_card,1,22.6,2,no,0,0
C000623,3,65.97,203.39,month-to-month,bank_transfer,1,32.9,1,yes,0,0
C000624,30,91.28,2776.78,month-to-month,credit_card,0,11.3,2,no,1,0
C000625,54,63.51,3238.63,two-year,credit_card,0,22.8,2,no,0,0
C000626,23,43.35,979.86,one-year,bank_transfer,0,33.7,1,no,0,0
C000627,14,120.0,1729.8,month-to-month,credit_card,0,16.3,4,no,0,1
C000628,21,61.84,1315.84,month-to-month,credit_card,2,3.2,1,no,0,0
C000629,71,56.79,3957.19,two-year,credit_card,2,28.4,1,no,0,0
C000630,16,79.42,1277.26,month-to-month,credit_card,0,27.1,1,no,0,1
C000631,20,77.1,1547.22,one-year,credit_card,0,12.1,3,yes,1,0
C000632,20,59.64,1194.62,month-to-month,credit_card,1,9.1,2,no,0,1
C000633,24,51.2,1265.75,one-year,bank_transfer,1,21.3,1,no,0,0
C000634,16,84.47,1283.95,month-to-month,bank_transfer,0,25.1,3,no,0,1
C000635,5,63.97,318.96,month-to-month,electronic_check,3,28.8,2,yes,1,1
C000636,1,51.25,51.28,two-year,electronic_check,0,1.5,1,yes,0,0
C000637,5,101.78,508.33,two-year,credit_card,1,15.9,4,no,0,0
C000638,18,66.41,1131.95,month-to-month,electronic_check,1,19.6,1,no,0,0
C000639,17,82.62,1340.81,month-to-month,credit_card,0,43.6,2,yes,0,0
C000640,5,61.26,302.16,month-to-month,bank_transfer,7,25.8,2,no,0,1
C000641,58,85.14,4888.83,one-year,credit_card,1,8.2,3,yes,0,0
C000642,38,85.1,3317.6,one-year,credit_card,6,19.2,4,no,1,0
C000643,53,68.84,3781.45,two-year,credit_card,2,22.5,1,no,0,0
C000644,4,41.19,159.28,month-to-month,electronic_check,2,22.0,1,no,0,0
C000645,2,51.19,96.78,month-to-month,credit_card,1,9.0,1,yes,0,0
C000646,51,80.17,4098.64,one-year,electronic_check,1,25.2,4,no,0,1
C000647,33,66.54,2236.83,one-year,credit_card,0,20.6,2,no,0,0
C000648,52,90.6,4719.12,one-year,credit_card,1,21.7,2,no,0,0
C000649,56,59.24,3448.74,two-year,electronic_check,1,19.9,1,no,0,0
C000650,10,83.27,836.79,month-to-month,bank_transfer,0,26.3,1,yes,0,0
C000651,17,80.22,1340.33,month-to-month,mailed_check,0,23.1,2,no,0,0
C000652,63,113.58,6727.78,two-year,bank_transfer,0,27.9,3,no,0,0
C000653,34,62.35,2170.45,month-to-month,electronic_check,5,11.2,1,yes,0,0
C000654,12,57.14,668.94,month-to-month,bank_transfer,4,18.9,1,yes,1,1
C000655,38,100.84,3921.01,month-to-month,credit_card,1,14.6,3,no,0,0
C000656,46,81.57,3765.67,one-year,credit_card,3,35.2,2,yes,1,0
C000657,37,56.98,2086.69,two-year,bank_transfer,0,6.3,1,no,0,0
C000658,36,83.1,2913.02,month-to-month,electronic_check,5,18.9,2,no,1,1
C000659,6,54.86,329.07,month-to-month,electronic_check,0,35.3,1,yes,0,1
C000660,18,68.95,1235.08,month-to-month,mailed_check,1,24.5,3,yes,0,0
C000661,36,83.92,2938.85,month-to-month,credit_card,0,21.1,1,yes,0,0
C000662,29,86.02,2498.85,month-to-month,credit_card,0,27.7,1,yes,0,0
C000663,4,64.7,265.7,month-to-month,bank_transfer,1,24.6,1,no,0,0
C000664,43,89.14,3614.17,two-year,bank_transfer,0,19.1,3,no,0,0
C000665,71,103.53,7638.29,two-year,mailed_check,0,27.6,3,no,1,0
C000666,49,68.13,3231.75,one-year,bank_transfer,0,25.8,1,yes,1,0
C000667,63,62.93,3824.23,two-year,electronic_check,6,18.6,3,yes,0,0
C000668,11,83.33,886.71,month-to-month,electronic_check,0,20.8,2,yes,0,0
C000669,25,89.4,2302.82,month-to-month,mailed_check,0,27.1,4,no,0,0
C000670,26,70.16,1781.97,month-to-month,bank_transfer,1,25.3,1,yes,0,0
C000671,4,82.84,339.02,one-year,electronic_check,1,23.6,3,no,0,1
C000672,24,66.78,1583.88,month-to-month,credit_card,1,22.1,3,no,0,0
C000673,40,75.27,3102.05,month-to-month,credit_card,1,12.2,1,no,0,0
C000674,9,60.18,530.92,month-to-month,credit_card,0,16.4,1,yes,0,1
C000675,5,56.72,288.63,month-to-month,bank_transfer,1,23.7,1,yes,0,0
C000676,24,416.66,1885.89,month-to-month,electronic_check,0,38.5,1,no,0,0
C000677,27,91.04,2498.73,one-year,electronic_check,0,23.9,2,no,0,0
C000678,19,104.33,1924.0,month-to-month,electronic_check,0,41.3,3,no,1,0
C000679,29,69.37,1976.62,month-to-month,credit_card,0,39.1,2,no,0,0
C000680,56,67.44,3567.51,one-year,electronic_check,0,31.6,1,no,0,0
C000681,34,105.1,3516.71,month-to-month,bank_transfer,0,11.3,3,no,0,0
C000682,20,84.03,1602.45,one-year,electronic_check,3,25.9,2,no,0,0
C000683,48,78.33,3703.2,one-year,mailed_check,0,25.4,3,no,0,0
C000684,28,42.96,1135.66,month-to-month,bank_transfer,0,25.3,2,no,0,0
C000685,39,47.31,1817.46,month-to-month,bank_transfer,0,21.7,1,no,1,0
C000686,16,61.59,1012.86,month-to-month,credit_card,1,24.2,1,yes,0,0
C000687,50,69.25,3329.39,one-year,credit_card,5,13.2,1,yes,0,0
C000688,29,66.94,1940.22,one-year,credit_card,1,25.7,1,no,0,0
C000689,8,65.38,525.98,two-year,electronic_check,1,6.2,3,no,1,0
C000690,41,78.68,3068.49,two-year,credit_card,4,12.2,2,yes,1,0
C000691,11,69.11,733.7,month-to-month,electronic_check,0,39.5,2,yes,0,0
C000692,51,54.18,2790.8,one-year,mailed_check,1,20.6,1,yes,0,0
C000693,22,69.69,1579.65,one-year,credit_card,3,6.6,1,no,0,0
C000694,18,92.46,1671.31,month-to-month,credit_card,6,33.5,3,no,0,1
C000695,35,71.94,2564.73,month-to-month,credit_card,0,4.5,2,no,0,0
C000696,26,89.35,2262.58,month-to-month,credit_card,1,49.7,2,no,0,0
C000697,15,71.63,1089.8,month-to-month,credit_card,0,11.1,2,no,1,0
C000698,16,51.23,809.09,one-year,electronic_check,0,29.5,2,no,0,0
C000699,40,72.74,3002.21,two-year,credit_card,0,22.0,2,no,0,0
C000700,49,65.91,3176.94,one-year,electronic_check,2,13.5,2,no,1,0
C000701,41,60.85,2355.43,one-year,electronic_check,1,12.1,1,no,0,0
C000702,23,93.65,2228.32,one-year,credit_card,1,,2,no,0,0
C000703,23,100.23,2348.61,one-year,electronic_check,2,23.6,2,no,1,1
C000704,21,75.4,,month-to-month,electronic_check,0,12.2,2,no,0,1
C000705,32,67.24,2217.45,month-to-month,electronic_check,4,24.0,1,no,0,0
C000706,28,60.18,1736.4,two-year,credit_card,2,23.1,2,yes,1,0
C000707,12,84.31,1005.73,month-to-month,bank_transfer,6,33.3,2,no,0,1
C000708,7,64.84,462.63,one-year,bank_transfer,1,30.5,2,yes,0,0
C000709,30,81.98,2433.39,month-to-month,bank_transfer,1,13.4,3,yes,1,0
C000710,28,81.09,2283.12,month-to-month,mailed_check,2,19.9,1,no,0,0
C000711,14,61.4,868.24,month-to-month,bank_transfer,2,23.0,2,no,0,0
C000712,15,80.04,1214.22,one-year,electronic_check,0,26.7,3,yes,0,0
C000713,33,79.0,2469.32,one-year,mailed_check,2,23.6,2,no,0,0
C000714,4,105.14,408.09,month-to-month,credit_card,1,12.5,4,no,0,0
C000715,53,63.55,3389.45,one-year,bank_transfer,6,19.6,1,no,0,0
C000716,21,65.42,1307.73,month-to-month,credit_card,2,43.7,1,yes,0,0
C000717,17,72.84,1264.97,two-year,electronic_check,0,10.5,1,no,0,0
C000718,20,63.59,1306.93,one-year,bank_transfer,5,19.2,1,no,0,0
C000719,28,125.57,3640.47,one-year,credit_card,0,36.6,2,no,0,0
C000720,39,65.55,2626.77,month-to-month,credit_card,1,20.0,1,no,0,0
C000721,26,69.67,1790.9,month-to-month,mailed_check,3,28.9,2,no,0,0
C000722,39,79.12,2931.91,month-to-month,credit_card,0,39.9,2,no,1,0
C000723,31,62.4,1973.85,two-year,credit_card,1,31.4,1,yes,0,0
C000724,16,78.92,1221.86,one-year,credit_card,1,26.9,2,yes,0,0
C000725,62,55.21,3373.88,two-year,credit_card,0,23.9,1,yes,0,0
C000726,17,86.36,1482.31,one-year,bank_transfer,0,34.3,2,yes,1,1
C000727,30,69.72,2056.72,one-year,credit_card,2,26.4,2,no,0,0
C000728,21,86.08,1793.33,two-year,mailed_check,0,21.2,3,no,0,0
C000729,7,89.06,637.21,month-to-month,mailed_check,0,29.7,3,no,0,0
C000730,2,88.52,179.08,one-year,credit_card,1,39.9,2,no,0,0
C000731,27,57.74,1496.78,one-year,credit_card,2,19.6,1,no,0,0
C000732,8,82.42,669.14,two-year,bank_transfer,1,29.4,3,no,0,0
C000733,5,69.24,346.78,month-to-month,electronic_check,0,10.2,1,no,0,1
C000734,33,96.97,3254.0,one-year,credit_card,4,,3,no,0,0
C000735,27,85.66,2297.09,month-to-month,credit_card,1,15.8,2,no,0,0
C000736,46,106.92,4940.13,one-year,credit_card,2,30.4,3,yes,0,0
C000737,25,62.53,1622.19,two-year,electronic_check,0,28.9,1,yes,0,0
C000738,12,45.56,538.28,one-year,credit_card,0,28.8,1,no,1,0
C000739,15,56.21,794.16,two-year,mailed_check,1,20.8,1,no,0,0
C000740,55,62.18,3266.22,one-year,bank_transfer,1,24.0,1,no,0,0
C000741,25,66.78,1701.89,one-year,bank_transfer,0,37.3,1,no,1,0
C000742,12,70.03,852.5,month-to-month,credit_card,1,23.8,1,no,0,0
C000743,49,74.27,3756.34,one-year,bank_transfer,1,4.5,3,no,1,0
C000744,58,59.29,3543.18,one-year,bank_transfer,1,20.9,1,yes,0,0
C000745,47,53.34,2396.26,one-year,credit_card,0,5.3,1,no,0,0
C000746,2,100.53,206.03,month-to-month,electronic_check,0,21.4,3,no,1,1
C000747,40,54.95,2209.53,one-year,bank_transfer,0,25.3,1,no,0,0
C000748,16,83.13,1260.12,two-year,bank_transfer,0,24.4,3,no,0,0
C000749,14,52.93,734.64,month-to-month,credit_card,0,13.2,1,no,0,0
C000750,3,74.9,215.86,two-year,electronic_check,0,21.7,1,no,0,1
C000751,19,63.16,1208.92,month-to-month,credit_card,0,12.5,2,no,0,0
C000752,21,96.41,2036.98,month-to-month,bank_transfer,5,25.8,2,yes,0,0
C000753,28,40.76,1164.05,month-to-month,credit_card,3,20.4,1,no,0,0
C000754,14,76.37,1108.17,month-to-month,electronic_check,0,16.6,2,no,1,1
C000755,47,71.12,3313.86,two-year,bank_transfer,0,9.6,2,no,0,0
C000756,22,66.48,1507.65,month-to-month,mailed_check,0,25.1,1,no,0,1
C000757,1,89.61,87.42,month-to-month,electronic_check,1,25.6,3,no,1,1
C000758,57,46.29,2557.67,two-year,credit_card,1,23.3,1,no,0,0
C000759,19,67.59,1245.17,month-to-month,bank_transfer,0,2.9,1,no,0,0
C000760,5,70.85,360.28,month-to-month,credit_card,1,20.5,1,no,0,1
C000761,22,77.83,1709.39,month-to-month,bank_transfer,1,2.5,3,no,0,0
C000762,29,83.9,2525.98,two-year,credit_card,0,20.5,3,no,0,0
C000763,25,35.75,843.33,month-to-month,credit_card,4,30.3,1,no,0,0
C000764,3,72.86,219.59,month-to-month,electronic_check,0,20.6,2,yes,0,0
C000765,11,110.35,1221.57,two-year,electronic_check,2,12.3,4,no,0,1
C000766,9,86.29,777.16,month-to-month,credit_card,0,16.7,2,no,0,0
C000767,26,85.92,2317.81,one-year,electronic_check,0,9.8,3,no,0,0
C000768,57,78.41,4366.86,one-year,electronic_check,0,17.0,1,no,0,0
C000769,9,69.86,652.71,two-year,credit_card,0,31.6,2,no,0,0
C000770,24,54.83,1304.04,month-to-month,mailed_check,0,14.2,1,no,0,0
C000771,35,38.91,1389.89,one-year,electronic_check,1,28.3,1,no,0,1
C000772,2,95.93,185.47,two-year,bank_transfer,1,7.1,2,yes,0,1
C000773,36,68.64,2532.17,two-year,mailed_check,1,15.1,1,no,0,0
C000774,39,100.95,3744.61,one-year,credit_card,0,33.5,3,no,0,0
C000775,38,69.91,2739.02,one-year,credit_card,0,21.9,2,yes,0,0
C000776,36,67.16,2345.87,month-to-month,credit_card,1,11.6,1,no,0,0
C000777,19,61.65,1203.65,month-to-month,mailed_check,0,21.7,2,no,0,0
C000778,2,347.96,108.36,month-to-month,electronic_check,4,18.2,1,no,0,1
C000779,11,91.68,,one-year,credit_card,2,27.4,1,no,0,0
C000780,13,59.06,771.23,month-to-month,credit_card,2,23.4,1,no,1,1
C000781,7,54.67,385.71,two-year,mailed_check,2,,1,no,1,0
C000782,14,69.39,969.75,one-year,bank_transfer,0,29.0,2,yes,0,0
C000783,8,53.05,420.36,month-to-month,electronic_check,0,23.4,1,yes,0,1
C000784,54,61.05,3109.85,one-year,electronic_check,0,29.1,2,no,0,0
C000785,39,71.86,2852.47,month-to-month,mailed_check,0,22.6,2,yes,0,0
C000786,4,81.82,328.46,one-year,credit_card,0,13.4,2,no,0,0
C000787,7,70.19,494.0,month-to-month,credit_card,0,21.2,1,yes,0,1
C000788,36,67.8,2372.44,month-to-month,mailed_check,1,2.0,1,no,1,0
C000789,5,79.75,380.63,one-year,mailed_check,1,38.4,1,yes,0,0
C000790,33,60.25,1926.78,one-year,bank_transfer,0,16.9,1,yes,0,0
C000791,58,103.76,5976.97,one-year,electronic_check,0,25.0,4,yes,0,0
C000792,40,60.26,2328.57,two-year,bank_transfer,2,16.2,1,no,0,0
C000793,9,79.62,718.92,month-to-month,credit_card,1,43.5,1,no,0,0
C000794,15,75.01,1099.74,one-year,bank_transfer,2,46.5,3,no,0,0
C000795,23,80.02,1837.05,month-to-month,credit_card,1,36.8,2,no,0,0
C000796,34,66.89,2150.45,two-year,credit_card,1,32.2,1,no,1,0
C000797,17,88.35,1438.0,month-to-month,bank_transfer,0,22.9,2,no,0,1
C000798,11,100.71,1094.68,month-to-month,credit_card,1,30.7,3,yes,0,1
C000799,38,71.94,2602.92,month-to-month,credit_card,0,26.0,2,no,0,0
C000800,34,87.3,3038.93,month-to-month,electronic_check,0,13.6,3,no,0,0
C000801,48,53.19,2419.15,one-year,credit_card,0,,1,no,1,0
C000802,72,97.39,6648.48,two-year,mailed_check,0,,3,no,0,0
C000803,19,87.0,1664.47,month-to-month,mailed_check,1,13.1,3,yes,0,0
C000804,14,68.5,994.23,month-to-month,credit_card,0,12.3,1,no,0,1
C000805,12,67.63,836.6,month-to-month,bank_transfer,1,16.9,2,yes,0,0
C000806,17,59.39,988.52,month-to-month,electronic_check,0,13.1,2,yes,0,1
C000807,3,68.78,211.42,month-to-month,credit_card,0,12.2,1,no,1,0
C000808,1,98.7,97.36,month-to-month,electronic_check,0,32.6,3,no,0,1
C000809,12,82.43,1021.41,two-year,credit_card,0,41.9,2,no,0,0
C000810,51,63.58,3048.26,one-year,bank_transfer,0,30.7,1,no,0,0
C000811,6,78.01,480.63,one-year,credit_card,0,33.5,3,yes,1,0
C000812,33,43.84,1481.71,month-to-month,mailed_check,0,26.4,1,yes,1,1
C000813,18,63.34,1128.04,month-to-month,credit_card,0,18.0,2,no,0,0
C000814,21,53.78,1174.07,one-year,credit_card,1,12.1,1,yes,0,0
C000815,7,73.96,519.74,month-to-month,credit_card,5,18.7,2,no,0,1
C000816,39,67.42,2673.97,month-to-month,credit_card,0,34.2,1,no,0,1
C000817,19,59.85,1073.25,month-to-month,credit_card,0,21.7,1,no,0,0
C000818,19,62.42,1151.49,month-to-month,credit_card,0,11.7,2,no,0,0
C000819,37,65.95,2467.35,month-to-month,electronic_check,0,37.0,2,no,0,0
C000820,4,856.81,399.04,month-to-month,credit_card,1,23.9,3,no,0,0
C000821,21,53.43,1101.98,month-to-month,credit_card,2,34.1,3,no,1,0
C000822,9,77.07,683.33,month-to-month,credit_card,0,26.6,1,yes,0,1
C000823,24,63.21,1451.08,month-to-month,credit_card,1,22.1,1,yes,0,0
C000824,39,45.73,1836.87,month-to-month,credit_card,0,6.0,1,yes,0,0
C000825,32,83.48,,month-to-month,electronic_check,0,24.6,2,no,0,0
C000826,15,91.08,1388.86,one-year,credit_card,4,21.3,1,yes,0,1
C000827,59,67.77,4116.09,two-year,credit_card,0,11.4,2,yes,0,0
C000828,13,72.35,951.01,month-to-month,bank_transfer,5,15.7,1,no,0,0
C000829,29,74.62,2243.09,two-year,electronic_check,1,,3,no,0,0
C000830,2,76.89,145.51,month-to-month,mailed_check,0,15.3,1,yes,1,1
C000831,50,63.22,3001.74,one-year,mailed_check,0,11.7,2,no,0,0
C000832,21,65.25,1402.17,one-year,bank_transfer,0,,1,yes,0,0
C000833,35,74.73,2674.57,month-to-month,bank_transfer,3,13.2,2,no,0,0
C000834,7,86.77,586.93,month-to-month,mailed_check,1,31.4,2,yes,0,1
C000835,12,84.7,1051.94,one-year,credit_card,12,22.8,2,no,0,1
C000836,6,73.85,418.13,two-year,bank_transfer,2,27.0,1,no,0,0
C000837,19,71.15,1349.55,two-year,bank_transfer,4,19.5,2,yes,0,0
C000838,25,87.27,2226.13,month-to-month,electronic_check,0,38.7,2,no,0,0
C000839,27,86.58,2387.56,month-to-month,credit_card,0,22.2,1,no,0,0
C000840,16,87.14,1410.38,month-to-month,electronic_check,1,,2,no,1,0
C000841,22,71.56,1480.01,month-to-month,bank_transfer,0,19.5,2,yes,0,0
C000842,26,106.79,2624.55,month-to-month,credit_card,0,24.8,4,no,0,0
C000843,27,46.76,1201.62,one-year,credit_card,2,43.6,1,no,0,0
C000844,14,93.88,1294.71,one-year,mailed_check,0,15.3,2,no,0,1
C000845,43,61.99,2674.2,one-year,electronic_check,1,11.8,1,yes,0,0
C000846,18,85.81,1579.56,two-year,mailed_check,10,33.7,2,no,0,0
C000847,1,45.9,46.63,month-to-month,credit_card,0,30.8,1,no,0,0
C000848,37,74.72,2809.09,month-to-month,bank_transfer,0,27.7,1,yes,0,0
C000849,19,75.9,1495.03,month-to-month,credit_card,0,12.1,1,no,0,0
C000850,20,57.78,1201.3,one-year,credit_card,0,26.5,1,yes,0,0
C000851,17,100.16,1668.38,month-to-month,bank_transfer,4,16.3,4,yes,0,0
C000852,11,74.43,834.48,month-to-month,credit_card,0,10.7,2,no,0,0
C000853,32,121.0,3720.48,two-year,electronic_check,0,17.2,3,yes,1,0
C000854,11,89.58,1013.95,month-to-month,electronic_check,1,22.6,2,no,1,0
C000855,38,66.54,2546.12,month-to-month,bank_transfer,1,20.4,1,no,0,0
C000856,38,52.96,1921.68,one-year,bank_transfer,2,23.8,1,no,0,0
C000857,26,40.39,1041.59,month-to-month,credit_card,2,10.1,1,yes,0,0
C000858,48,105.81,5126.21,one-year,credit_card,1,22.8,4,no,0,0
C000859,17,59.14,950.28,one-year,credit_card,1,15.3,1,no,0,0
C000860,15,66.01,938.19,month-to-month,credit_card,1,37.9,1,no,0,0
C000861,28,71.35,1922.51,one-year,mailed_check,1,30.2,1,no,0,0
C000862,59,97.95,5677.42,two-year,bank_transfer,3,43.3,3,no,1,0
C000863,30,65.08,1965.79,two-year,mailed_check,2,14.6,1,yes,0,0
C000864,44,54.95,2405.56,two-year,credit_card,0,21.4,1,yes,0,0
C000865,3,76.54,223.65,one-year,electronic_check,0,27.0,1,no,0,0
C000866,30,57.72,1661.16,one-year,credit_card,2,33.0,1,no,0,0
C000867,6,68.29,392.73,one-year,credit_card,0,10.3,1,no,0,0
C000868,65,68.33,4469.5,two-year,electronic_check,1,8.4,3,no,0,0
C000869,3,63.4,186.99,month-to-month,electronic_check,1,20.7,2,no,1,0
C000870,25,84.77,2173.44,month-to-month,bank_transfer,1,23.3,1,no,1,0
C000871,2,62.38,128.59,one-year,electronic_check,0,24.3,1,no,0,0
C000872,15,78.15,1213.66,month-to-month,mailed_check,1,40.9,1,no,1,1
C000873,34,36.18,1208.54,one-year,mailed_check,0,16.5,1,no,0,0
C000874,3,74.56,213.66,two-year,bank_transfer,1,23.8,1,no,0,0
C000875,7,53.49,378.59,month-to-month,bank_transfer,1,27.5,1,no,0,0
C000876,37,60.95,2273.97,month-to-month,credit_card,0,20.3,2,yes,0,0
C000877,28,57.28,1541.17,month-to-month,electronic_check,2,14.6,1,no,0,0
C000878,30,80.99,2487.02,two-year,bank_transfer,0,30.4,1,no,0,0
C000879,31,65.34,2017.82,month-to-month,bank_transfer,0,15.6,1,no,0,0
C000880,13,69.55,859.77,month-to-month,credit_card,3,23.9,1,no,0,1
C000881,5,76.78,397.51,month-to-month,bank_transfer,0,,1,yes,1,1
C000882,30,108.07,3240.84,month-to-month,credit_card,0,30.1,4,no,0,0
C000883,72,103.74,7155.52,two-year,bank_transfer,0,11.8,4,no,0,0
C000884,19,70.16,1323.16,month-to-month,bank_transfer,1,35.1,1,no,0,0
C000885,26,71.68,1837.1,month-to-month,credit_card,3,18.8,1,no,0,0
C000886,57,34.62,1919.27,one-year,electronic_check,0,32.9,1,no,0,0
C000887,19,84.91,1587.05,month-to-month,electronic_check,0,21.1,2,no,0,0
C000888,36,74.36,2585.74,month-to-month,credit_card,0,11.7,3,yes,0,0
C000889,13,51.55,667.42,month-to-month,bank_transfer,0,25.3,2,yes,0,0
C000890,65,88.76,5809.42,two-year,electronic_check,0,32.2,2,yes,0,0
C000891,10,55.16,569.33,one-year,bank_transfer,0,19.1,1,no,0,0
C000892,36,79.68,2878.61,month-to-month,electronic_check,0,14.4,2,no,0,0
C000893,54,73.42,3859.03,two-year,electronic_check,1,12.2,2,yes,0,0
C000894,17,78.97,1362.77,month-to-month,mailed_check,2,27.6,2,no,0,0
C000895,53,94.21,4885.66,two-year,electronic_check,0,26.7,3,no,0,0
C000896,32,77.95,2478.88,month-to-month,credit_card,0,28.7,3,no,0,0
C000897,33,53.44,1826.59,one-year,credit_card,0,26.1,1,yes,0,0
C000898,5,77.81,399.03,two-year,bank_transfer,0,9.2,1,no,0,0
C000899,24,83.28,1968.01,month-to-month,electronic_check,0,1.5,2,no,0,0
C000900,49,63.86,3127.04,two-year,mailed_check,0,15.7,2,yes,0,0
C000901,31,76.61,2235.52,two-year,bank_transfer,6,12.4,2,no,0,1
C000902,18,62.36,1132.24,month-to-month,electronic_check,2,12.4,2,no,0,0
C000903,32,75.73,2340.54,one-year,credit_card,1,32.3,2,no,1,0
C000904,11,71.1,810.14,two-year,credit_card,3,35.9,2,no,1,0
C000905,26,111.97,2928.77,one-year,credit_card,0,12.6,4,no,0,0
C000906,16,87.3,1322.43,two-year,credit_card,1,18.2,2,no,1,0
C000907,15,76.19,1181.61,one-year,electronic_check,3,17.1,1,no,0,0
C000908,26,55.27,1468.36,month-to-month,bank_transfer,4,36.2,1,no,0,0
C000909,9,55.88,496.08,month-to-month,credit_card,2,8.9,1,no,1,1
C000910,13,54.5,679.26,one-year,bank_transfer,0,25.9,1,no,1,0
C000911,54,68.87,3617.02,two-year,credit_card,0,6.2,1,no,0,0
C000912,35,74.88,2697.18,one-year,mailed_check,3,22.3,3,no,0,0
C000913,27,82.34,2155.46,month-to-month,electronic_check,1,32.1,2,no,0,1
C000914,22,116.61,2425.61,month-to-month,electronic_check,2,13.8,3,no,0,1
C000915,41,56.09,2314.56,one-year,electronic_check,0,20.6,1,yes,1,0
C000916,13,78.34,982.02,two-year,credit_card,1,8.6,2,no,0,0
C000917,34,67.76,2366.96,one-year,bank_transfer,0,10.3,2,no,0,0
C000918,31,68.29,2196.12,month-to-month,mailed_check,0,16.2,3,no,0,0
C000919,31,66.86,2054.6,month-to-month,credit_card,1,18.0,2,yes,0,0
C000920,33,566.37,2751.27,two-year,electronic_check,0,27.6,2,no,0,0
C000921,29,78.16,2169.6,month-to-month,credit_card,0,25.8,2,no,0,0
C000922,39,112.78,4145.67,month-to-month,bank_transfer,1,30.8,4,no,0,0
C000923,57,31.03,1738.81,one-year,electronic_check,0,1.5,1,yes,0,0
C000924,16,100.68,1631.24,two-year,credit_card,0,15.7,3,no,1,0
C000925,71,71.37,5202.48,two-year,bank_transfer,0,18.9,1,no,0,0
C000926,30,91.51,2724.45,month-to-month,bank_transfer,0,26.6,3,yes,0,0
C000927,3,92.42,276.03,one-year,bank_transfer,0,20.2,4,no,1,0
C000928,35,57.51,2070.09,month-to-month,electronic_check,0,16.7,1,yes,0,0
C000929,12,93.56,1061.2,one-year,credit_card,7,16.0,3,no,0,0
C000930,2,63.62,131.47,one-year,credit_card,2,17.7,2,no,0,0
C000931,20,73.93,1502.7,month-to-month,electronic_check,0,18.1,3,yes,1,0
C000932,44,64.01,2758.38,two-year,electronic_check,0,2.0,1,yes,0,0
C000933,18,77.28,1367.24,one-year,electronic_check,2,25.4,2,no,0,1
C000934,43,108.15,4823.35,one-year,credit_card,0,25.3,4,no,0,0
C000935,53,65.2,3501.83,two-year,bank_transfer,2,21.8,2,no,0,0
C000936,27,89.27,2400.26,month-to-month,credit_card,3,17.2,3,no,1,1
C000937,43,70.61,2872.66,one-year,electronic_check,0,29.1,1,no,0,0
C000938,17,49.21,807.44,month-to-month,bank_transfer,0,18.6,1,no,0,0
C000939,40,82.85,3422.49,two-year,bank_transfer,0,15.8,4,no,0,0
C000940,17,64.72,1090.59,one-year,electronic_check,0,20.1,1,no,0,1
C000941,31,89.81,,month-to-month,bank_transfer,0,14.4,3,no,1,1
C000942,18,54.59,997.61,month-to-month,bank_transfer,2,36.4,1,no,0,0
C000943,3,93.24,276.45,one-year,credit_card,0,27.4,4,yes,0,0
C000944,30,58.61,1701.09,one-year,credit_card,0,31.7,1,yes,0,0
C000945,40,33.73,1392.22,two-year,credit_card,5,12.9,1,yes,0,0
C000946,15,43.26,658.44,two-year,credit_card,1,24.5,1,yes,0,0
C000947,17,75.01,1239.65,month-to-month,bank_transfer,1,23.8,1,no,0,0
C000948,15,59.17,894.0,one-year,credit_card,3,1.5,2,no,0,0
C000949,28,75.15,2056.02,month-to-month,bank_transfer,2,26.9,3,no,0,0
C000950,11,43.98,470.66,one-year,credit_card,1,45.3,1,yes,0,0
C000951,7,66.18,466.17,month-to-month,bank_transfer,0,24.8,2,no,0,0
C000952,26,92.61,2393.57,month-to-month,credit_card,0,22.5,3,yes,0,0
C000953,4,66.5,265.76,month-to-month,credit_card,2,18.7,1,no,0,0
C000954,9,105.6,926.67,month-to-month,electronic_check,1,32.2,4,no,0,1
C000955,52,79.44,4045.51,one-year,electronic_check,0,21.3,2,no,1,0
C000956,23,111.9,2500.58,month-to-month,electronic_check,3,19.5,4,no,0,0
C000957,53,70.86,3596.91,one-year,credit_card,2,23.1,2,no,0,0
C000958,34,106.76,3590.25,month-to-month,electronic_check,0,24.8,4,no,0,0
C000959,22,104.76,2216.63,month-to-month,electronic_check,1,22.6,3,yes,0,0
C000960,51,59.44,3135.41,one-year,electronic_check,3,18.7,2,no,0,0
C000961,28,98.04,2629.23,month-to-month,mailed_check,0,27.9,3,no,1,0
C000962,3,38.99,115.28,month-to-month,bank_transfer,0,36.5,1,no,1,0
C000963,31,59.71,1922.81,month-to-month,bank_transfer,1,31.3,2,no,0,0
C000964,2,82.99,168.65,month-to-month,credit_card,1,12.1,2,no,1,1
C000965,36,59.83,2026.05,one-year,credit_card,0,25.0,1,yes,0,0
C000966,13,79.22,1050.9,one-year,credit_card,1,19.3,1,no,0,0
C000967,2,47.97,91.72,month-to-month,credit_card,0,26.0,1,no,0,0
C000968,65,75.69,4702.56,two-year,electronic_check,0,24.0,2,yes,0,0
C000969,57,79.16,,one-year,credit_card,2,18.1,1,yes,0,0
C000970,23,81.74,1940.37,month-to-month,mailed_check,2,20.0,3,no,0,0
C000971,40,69.98,2744.3,one-year,credit_card,0,33.6,2,yes,1,0
C000972,10,88.91,885.79,month-to-month,credit_card,2,39.5,2,yes,1,1
C000973,6,69.07,391.78,month-to-month,electronic_check,0,21.7,1,no,0,0
C000974,10,63.96,626.25,month-to-month,mailed_check,0,12.7,2,no,0,0
C000975,5,88.7,427.4,month-to-month,bank_transfer,0,20.1,4,no,0,0
C000976,11,59.52,624.6,month-to-month,bank_transfer,2,17.7,1,no,0,1
C000977,2,88.13,170.02,month-to-month,bank_transfer,0,33.7,3,yes,1,0
C000978,4,90.69,354.3,one-year,bank_transfer,2,20.4,1,no,0,0
C000979,39,83.32,3122.54,month-to-month,credit_card,2,13.7,2,no,0,0
C000980,27,70.09,1851.56,month-to-month,mailed_check,0,20.1,2,no,1,0
C000981,17,123.68,2039.34,month-to-month,bank_transfer,3,10.2,4,yes,0,0
C000982,32,69.81,2229.55,one-year,credit_card,0,26.3,2,no,0,0
C000983,32,75.23,2289.03,two-year,electronic_check,0,4.7,1,yes,1,0
C000984,3,102.56,298.5,month-to-month,bank_transfer,0,33.3,4,no,0,0
C000985,28,94.5,2553.59,two-year,electronic_check,1,18.0,3,yes,0,0
C000986,24,91.9,2164.06,month-to-month,mailed_check,0,20.9,2,no,1,0
C000987,58,88.35,5159.29,one-year,electronic_check,0,20.3,3,no,0,1
C000988,22,68.83,1514.55,month-to-month,credit_card,2,9.3,1,no,0,1
C000989,25,66.61,1640.79,two-year,bank_transfer,1,20.5,1,no,0,1
C000990,1,44.01,45.5,month-to-month,electronic_check,0,12.0,1,yes,0,1
C000991,21,54.86,1129.45,two-year,bank_transfer,0,30.2,1,yes,0,0
C000992,16,94.01,1491.87,month-to-month,bank_transfer,0,27.7,4,yes,0,0
C000993,12,472.69,999.69,month-to-month,electronic_check,1,,3,no,0,0
C000994,3,83.74,244.37,two-year,electronic_check,0,26.5,3,no,0,0
C000995,42,55.58,2333.05,one-year,bank_transfer,4,22.4,1,no,0,0
C000996,38,97.04,3808.37,month-to-month,bank_transfer,2,41.1,3,no,1,0
C000997,38,33.03,1281.36,month-to-month,bank_transfer,1,16.2,1,yes,0,0
C000998,31,62.16,1901.0,month-to-month,mailed_check,0,42.1,1,yes,0,0
C000999,14,62.87,878.01,month-to-month,credit_card,0,27.0,1,yes,0,0
C001000,13,64.16,812.43,one-year,electronic_check,0,3.3,1,no,0,1
C001001,36,84.79,2948.52,month-to-month,credit_card,0,18.7,2,yes,1,0
C001002,57,61.91,3666.89,two-year,credit_card,0,8.5,1,no,0,0
C001003,23,96.1,2204.2,two-year,credit_card,1,21.5,3,no,0,0
C001004,1,63.93,60.95,month-to-month,bank_transfer,0,14.0,1,yes,0,0
C001005,29,76.46,2233.34,two-year,credit_card,2,20.0,2,no,1,0
C001006,23,74.14,1725.11,two-year,electronic_check,0,18.6,2,yes,0,0
C001007,40,52.62,2130.74,one-year,electronic_check,0,45.2,1,no,0,0
C001008,7,53.14,351.47,month-to-month,bank_transfer,2,33.3,1,no,0,0
C001009,23,104.71,2297.18,month-to-month,electronic_check,0,,4,no,0,0
C001010,13,71.91,891.85,month-to-month,credit_card,0,23.7,1,no,0,1
C001011,3,58.86,172.08,month-to-month,bank_transfer,2,23.9,1,no,0,1
C001012,7,77.09,521.27,month-to-month,credit_card,2,34.9,1,no,0,1
C001013,33,81.51,2605.33,month-to-month,credit_card,0,6.5,2,no,0,1
C001014,36,68.85,2490.88,month-to-month,bank_transfer,0,19.6,1,no,0,0
C001015,20,101.4,1921.15,one-year,credit_card,1,13.4,3,no,0,0
C001016,15,86.04,1325.2,month-to-month,bank_transfer,0,29.1,3,no,0,0
C001017,36,66.92,2399.52,month-to-month,electronic_check,0,8.4,2,no,0,0
C001018,9,64.75,579.9,month-to-month,credit_card,2,7.8,1,no,0,0
C001019,31,81.55,2502.62,month-to-month,electronic_check,0,21.3,2,no,0,0
C001020,35,70.86,2533.85,month-to-month,credit_card,0,35.8,1,no,0,0
C001021,19,76.19,1400.81,month-to-month,electronic_check,1,26.1,3,no,0,0
C001022,26,63.48,1658.29,month-to-month,bank_transfer,1,33.0,2,yes,0,0
C001023,4,356.69,178.59,month-to-month,credit_card,0,25.1,1,no,1,0
C001024,37,95.82,3489.66,month-to-month,credit_card,1,31.4,3,no,0,0
C001025,15,72.39,1088.24,month-to-month,credit_card,0,28.2,1,no,1,0
C001026,5,73.44,348.64,month-to-month,bank_transfer,1,13.7,1,no,0,0
C001027,8,61.68,465.91,month-to-month,mailed_check,1,17.7,1,yes,0,0
C001028,25,67.65,1753.8,month-to-month,electronic_check,1,21.3,3,no,1,0
C001029,2,90.06,174.37,month-to-month,bank_transfer,0,15.8,1,no,0,0
C001030,1,69.02,70.04,one-year,electronic_check,1,16.3,2,no,1,0
C001031,8,58.8,,month-to-month,credit_card,0,36.6,1,no,1,1
C001032,15,87.64,1362.95,two-year,mailed_check,3,33.9,2,no,0,1
C001033,28,61.88,1778.97,month-to-month,credit_card,1,22.0,1,yes,0,0
C001034,60,62.45,3730.96,two-year,bank_transfer,0,20.1,1,yes,0,0
C001035,20,58.36,1108.61,month-to-month,bank_transfer,0,20.9,3,yes,0,0
C001036,19,76.74,1406.87,month-to-month,bank_transfer,0,19.7,2,yes,0,0
C001037,15,76.3,1149.76,two-year,credit_card,0,28.8,2,no,0,1
C001038,21,48.99,1009.2,month-to-month,electronic_check,7,17.3,1,no,0,0
C001039,4,88.97,361.54,month-to-month,electronic_check,1,23.8,3,no,0,1
C001040,18,78.38,1352.85,month-to-month,bank_transfer,0,29.3,1,no,0,0
C001041,20,67.44,1386.67,one-year,mailed_check,3,38.5,1,yes,0,0
C001042,32,77.27,2452.63,month-to-month,credit_card,1,20.4,3,yes,0,0
C001043,52,45.06,2339.92,one-year,credit_card,0,21.3,1,yes,0,0
C001044,26,80.64,2084.56,one-year,mailed_check,1,31.2,2,no,0,0
C001045,4,80.69,320.0,month-to-month,bank_transfer,5,12.4,3,no,1,0
C001046,53,76.05,3971.93,one-year,credit_card,1,28.5,2,yes,0,0
C001047,34,77.76,2680.94,month-to-month,credit_card,1,31.5,2,yes,1,0
C001048,21,71.34,1458.06,two-year,credit_card,2,24.1,2,no,0,0
C001049,24,72.85,1699.16,month-to-month,credit_card,0,1.5,3,no,0,0
C001050,24,60.76,1391.38,month-to-month,credit_card,0,23.3,1,yes,0,0
C001051,8,63.82,504.31,month-to-month,credit_card,8,21.8,1,no,0,1
C001052,43,86.24,3693.06,two-year,mailed_check,2,32.9,2,no,0,0
C001053,51,76.33,3753.49,two-year,mailed_check,0,42.8,2,yes,0,0
C001054,11,110.73,1224.51,one-year,credit_card,1,1.5,4,no,0,0
C001055,19,53.12,998.04,two-year,electronic_check,0,38.7,1,yes,0,0
C001056,19,85.44,1570.74,one-year,credit_card,2,38.4,3,yes,0,0
C001057,2,86.17,162.57,month-to-month,bank_transfer,0,28.1,2,no,1,1
C001058,25,58.51,1429.7,two-year,electronic_check,1,20.5,1,yes,0,0
C001059,16,83.45,1258.59,two-year,bank_transfer,0,12.1,2,no,0,0
C001060,24,111.63,2529.28,one-year,credit_card,2,36.6,4,no,0,0
C001061,15,61.68,897.36,month-to-month,credit_card,0,27.5,1,no,0,1
C001062,23,78.05,1788.94,month-to-month,mailed_check,2,20.7,2,yes,0,0
C001063,38,332.98,2288.51,month-to-month,credit_card,2,25.8,2,no,0,0
C001064,16,92.29,1474.31,month-to-month,bank_transfer,0,4.0,3,yes,0,1
C001065,4,79.15,309.74,month-to-month,bank_transfer,0,23.5,1,yes,0,0
C001066,38,88.4,3344.13,month-to-month,electronic_check,0,1.5,2,no,0,0
C001067,29,51.01,1534.55,month-to-month,credit_card,0,5.8,1,no,0,0
C001068,5,73.05,350.47,month-to-month,bank_transfer,0,12.2,3,no,0,0
C001069,28,70.27,2036.49,one-year,bank_transfer,0,9.7,1,no,0,0
C001070,17,79.72,1340.76,month-to-month,bank_transfer,0,32.5,2,yes,0,0
C001071,28,72.84,2004.19,month-to-month,electronic_check,4,16.7,2,no,0,0
C001072,37,64.51,2461.18,month-to-month,bank_transfer,2,24.3,2,no,0,0
C001073,5,52.56,264.22,one-year,bank_transfer,2,31.0,1,no,0,0
C001074,13,87.19,1174.09,one-year,bank_transfer,2,32.2,2,no,0,0
C001075,43,68.83,2857.85,two-year,electronic_check,4,11.6,1,no,0,0
C001076,8,103.77,861.52,month-to-month,mailed_check,0,29.9,3,no,0,1
C001077,33,74.62,2544.11,two-year,credit_card,0,34.1,2,no,0,0
C001078,53,79.72,3995.38,two-year,credit_card,0,13.2,1,yes,0,0
C001079,32,68.64,2236.87,month-to-month,bank_transfer,4,23.8,1,no,0,0
C001080,22,74.48,1669.89,one-year,credit_card,0,18.2,2,yes,0,0
C001081,72,42.55,3013.16,two-year,credit_card,1,30.4,1,yes,0,0
C001082,9,75.53,706.56,month-to-month,electronic_check,0,14.6,2,no,0,1
C001083,18,53.49,966.04,month-to-month,bank_transfer,0,,1,no,0,0
C001084,9,104.87,980.24,month-to-month,bank_transfer,3,32.9,3,no,0,1
C001085,13,60.06,737.07,one-year,mailed_check,1,32.1,1,yes,0,0
C001086,25,78.19,1917.0,month-to-month,electronic_check,1,24.4,2,no,1,0
C001087,53,93.59,4831.57,one-year,bank_transfer,0,6.4,3,no,0,0
C001088,43,62.76,,two-year,electronic_check,0,17.0,1,yes,0,0
C001089,36,69.22,2353.55,month-to-month,bank_transfer,2,14.7,2,no,0,0
C001090,68,55.46,3852.12,two-year,electronic_check,2,27.3,2,no,0,0
C001091,62,80.54,4926.38,two-year,mailed_check,2,4.7,3,no,0,0
C001092,30,76.13,2222.8,month-to-month,mailed_check,1,23.1,2,no,0,0
C001093,24,67.68,1587.51,month-to-month,electronic_check,3,37.2,1,no,0,1
C001094,14,54.77,747.31,month-to-month,bank_transfer,0,11.6,1,no,0,0
C001095,12,108.62,1304.1,month-to-month,credit_card,0,37.4,4,yes,0,0
C001096,39,69.74,2596.37,month-to-month,bank_transfer,0,25.3,1,no,0,0
C001097,15,69.63,1048.74,month-to-month,mailed_check,2,30.6,2,no,0,1
C001098,59,48.81,,two-year,mailed_check,2,31.9,2,no,0,0
C001099,29,81.99,2331.5,month-to-month,credit_card,0,23.7,1,yes,0,0
C001100,25,82.4,1988.85,month-to-month,electronic_check,0,7.2,2,no,0,0
C001101,30,72.14,2097.75,month-to-month,credit_card,0,14.0,1,no,0,0
C001102,3,67.62,192.74,month-to-month,mailed_check,0,18.1,2,yes,0,0
C001103,16,92.62,1468.35,month-to-month,credit_card,1,19.7,3,no,0,0
C001104,24,117.64,2724.35,one-year,credit_card,5,41.2,3,no,0,0
C001105,29,52.95,1578.45,one-year,credit_card,0,22.7,1,no,0,0
C001106,18,70.81,1225.22,month-to-month,bank_transfer,1,19.1,2,no,0,0
C001107,40,58.01,2367.43,month-to-month,electronic_check,0,26.1,1,no,0,1
C001108,18,87.09,1493.43,month-to-month,bank_transfer,4,9.5,3,no,1,1
C001109,4,63.57,244.94,month-to-month,bank_transfer,1,22.4,1,yes,0,0
C001110,12,101.07,1221.42,two-year,credit_card,0,3.0,2,no,1,0
C001111,37,111.56,3943.13,month-to-month,bank_transfer,0,11.0,4,no,0,0
C001112,15,67.06,1015.62,two-year,credit_card,0,8.8,1,no,0,0
C001113,15,67.75,997.25,one-year,bank_transfer,0,18.7,2,no,0,0
C001114,9,77.94,709.66,month-to-month,bank_transfer,6,7.9,1,yes,0,0
C001115,39,71.71,2817.35,month-to-month,credit_card,2,9.8,2,yes,1,0
C001116,26,46.6,1163.11,month-to-month,mailed_check,3,28.3,1,no,0,0
C001117,6,87.07,520.14,month-to-month,credit_card,0,44.6,2,yes,0,0
C001118,53,114.8,5963.69,one-year,credit_card,0,45.1,3,no,0,0
C001119,30,53.42,1643.52,month-to-month,bank_transfer,0,10.0,1,no,0,1
C001120,40,47.21,1949.44,one-year,credit_card,0,16.3,1,no,0,0
C001121,54,51.54,2741.65,one-year,electronic_check,0,35.1,1,no,0,0
C001122,71,36.89,2529.27,two-year,credit_card,0,28.7,1,yes,0,0
C001123,38,103.27,4075.87,month-to-month,electronic_check,2,12.7,4,no,0,0
C001124,55,87.38,4709.72,one-year,mailed_check,1,21.3,3,no,0,0
C001125,50,63.94,,one-year,credit_card,2,20.0,1,no,0,0
C001126,38,55.49,1986.27,month-to-month,electronic_check,1,22.7,1,no,1,0
C001127,27,54.27,,month-to-month,bank_transfer,0,25.9,1,no,0,1
C001128,45,57.4,2588.34,two-year,electronic_check,0,1.5,1,no,0,0
C001129,19,59.01,1142.93,month-to-month,credit_card,0,25.3,1,no,0,0
C001130,4,46.48,178.7,month-to-month,credit_card,1,8.1,1,yes,0,0
C001131,26,78.16,1998.47,one-year,credit_card,3,17.0,2,no,0,1
C001132,47,102.74,4715.23,one-year,electronic_check,1,30.3,3,no,0,0
C001133,12,82.06,986.03,one-year,bank_transfer,7,21.7,2,no,0,1
C001134,41,84.27,3366.1,one-year,credit_card,0,46.7,1,yes,0,0
C001135,25,70.81,1776.27,month-to-month,credit_card,3,22.7,1,no,1,0
C001136,24,56.14,,month-to-month,electronic_check,2,26.6,1,no,0,0
C001137,46,73.82,3245.31,one-year,credit_card,2,18.9,2,no,0,0
C001138,20,60.64,1178.01,month-to-month,credit_card,1,10.5,1,no,0,0
C001139,23,74.53,1774.26,month-to-month,electronic_check,0,25.8,2,yes,0,0
C001140,25,52.2,1252.46,month-to-month,bank_transfer,2,2.0,1,no,0,0
C001141,14,65.17,,month-to-month,credit_card,2,9.4,2,yes,0,1
C001142,17,104.57,1697.22,month-to-month,electronic_check,0,26.2,2,no,1,0
C001143,23,61.44,1340.23,month-to-month,mailed_check,0,17.4,2,no,0,0
C001144,22,64.37,1352.11,one-year,credit_card,0,37.3,2,no,0,0
C001145,25,61.25,1509.65,one-year,credit_card,0,24.1,1,yes,0,0
C001146,47,76.0,3368.67,one-year,credit_card,3,14.9,3,no,0,0
C001147,10,81.84,775.97,month-to-month,credit_card,2,46.6,2,no,0,1
C001148,39,85.8,3298.85,month-to-month,electronic_check,1,10.0,2,no,0,0
C001149,13,98.04,1210.99,month-to-month,electronic_check,0,9.9,3,no,0,1
C001150,27,75.97,2078.52,one-year,mailed_check,0,5.3,2,yes,1,0
C001151,25,55.07,1354.17,month-to-month,mailed_check,0,29.9,1,no,1,0
C001152,15,114.02,1773.49,month-to-month,credit_card,0,44.4,3,no,1,1
C001153,14,76.68,1068.24,two-year,credit_card,0,32.2,2,no,0,0
C001154,23,70.19,1587.13,month-to-month,electronic_check,0,19.6,1,yes,0,0
C001155,10,92.46,906.24,month-to-month,credit_card,0,24.5,2,no,0,0
C001156,36,58.7,2080.95,month-to-month,electronic_check,0,25.3,2,yes,0,0
C001157,4,92.97,371.36,month-to-month,credit_card,1,22.3,3,no,0,0
C001158,49,71.92,3631.0,one-year,mailed_check,1,17.0,1,yes,1,0
C001159,17,97.37,1713.13,two-year,electronic_check,0,39.1,2,no,0,0
C001160,19,65.61,1254.71,month-to-month,electronic_check,0,18.2,2,yes,1,0
C001161,34,91.04,3217.94,month-to-month,bank_transfer,0,35.3,2,no,0,0
C001162,15,85.7,1251.51,month-to-month,credit_card,0,27.7,3,yes,1,0
C001163,5,62.6,317.9,month-to-month,credit_card,1,1.6,1,no,0,1
C001164,6,86.39,505.91,month-to-month,mailed_check,4,,1,no,0,0
C001165,2,85.32,163.75,month-to-month,credit_card,1,28.5,1,no,0,0
C001166,5,73.59,368.84,month-to-month,bank_transfer,0,32.1,2,no,0,0
C001167,9,62.3,550.84,month-to-month,credit_card,0,13.5,1,no,0,0
C001168,14,78.44,1072.67,month-to-month,electronic_check,0,14.6,3,yes,1,0
C001169,39,60.87,2321.8,one-year,credit_card,1,22.5,1,no,0,0
C001170,60,63.39,3725.7,two-year,credit_card,0,35.3,1,no,0,0
C001171,36,71.3,2633.86,month-to-month,credit_card,0,29.9,1,no,0,0
C001172,17,97.79,1684.17,one-year,bank_transfer,0,22.4,4,no,0,0
C001173,36,85.83,2986.29,one-year,mailed_check,1,5.7,4,yes,1,0
C001174,70,80.58,5323.96,two-year,bank_transfer,2,33.2,2,no,0,0
C001175,35,93.69,3317.3,month-to-month,credit_card,0,22.6,2,no,1,0
C001176,25,89.72,2284.66,month-to-month,credit_card,0,19.5,2,no,0,0
C001177,16,96.86,1548.06,two-year,electronic_check,2,38.8,3,no,0,0
C001178,34,67.43,2158.92,month-to-month,bank_transfer,2,27.3,1,no,0,0
C001179,35,101.45,3436.36,two-year,credit_card,1,9.2,4,yes,0,0
C001180,25,63.08,1564.77,one-year,credit_card,0,27.1,1,no,0,0
C001181,24,56.47,1400.11,month-to-month,bank_transfer,1,13.1,1,no,0,0
C001182,22,111.78,2557.22,one-year,bank_transfer,0,33.5,3,no,0,0
C001183,47,64.11,2928.19,two-year,credit_card,0,13.5,2,no,0,0
C001184,65,85.21,5369.33,two-year,bank_transfer,1,,2,yes,0,0
C001185,40,73.15,3008.4,month-to-month,mailed_check,0,21.4,2,yes,0,1
C001186,17,81.28,1321.1,month-to-month,bank_transfer,2,21.5,2,no,0,1
C001187,58,85.38,4874.69,one-year,bank_transfer,0,33.4,3,yes,0,0
C001188,31,78.09,,month-to-month,electronic_check,1,23.1,2,no,0,1
C001189,4,67.71,262.93,month-to-month,mailed_check,1,21.5,1,no,0,0
C001190,33,50.71,1607.02,month-to-month,credit_card,2,32.9,1,no,0,0
C001191,46,95.93,4292.38,two-year,credit_card,0,31.7,2,yes,1,0
C001192,1,68.03,63.97,one-year,electronic_check,2,6.7,2,no,0,0
C001193,43,101.33,4352.22,one-year,electronic_check,1,17.0,3,no,0,0
C001194,7,120.06,833.14,one-year,mailed_check,0,24.6,4,yes,0,0
C001195,51,62.41,3294.93,one-year,bank_transfer,0,35.3,1,no,1,0
C001196,57,55.92,3235.08,one-year,mailed_check,0,13.8,1,no,0,0
C001197,23,89.47,1947.15,one-year,bank_transfer,5,17.8,3,no,0,1
C001198,12,70.4,826.92,month-to-month,credit_card,1,3.0,2,no,0,0
C001199,29,67.79,1962.06,month-to-month,bank_transfer,1,23.7,1,no,1,1
C001200,13,112.72,1404.03,month-to-month,credit_card,0,7.1,4,yes,0,0
C001201,19,50.01,903.97,two-year,credit_card,2,29.4,1,no,1,0
C001202,28,60.83,1765.18,two-year,bank_transfer,0,11.9,1,no,0,0
C001203,10,98.46,975.33,two-year,bank_transfer,0,21.0,2,no,0,0
C001204,13,65.75,845.89,one-year,credit_card,0,26.0,1,no,0,0
C001205,19,90.09,1725.09,one-year,credit_card,0,23.6,4,no,1,0
C001206,50,51.47,2511.7,one-year,bank_transfer,1,8.7,1,no,0,0
C001207,18,61.98,1105.93,month-to-month,credit_card,0,12.7,3,no,0,0
C001208,58,62.35,3565.01,one-year,electronic_check,3,19.0,1,no,0,0
C001209,13,81.71,1032.12,two-year,bank_transfer,2,19.4,3,no,0,0
C001210,10,72.72,735.59,month-to-month,credit_card,3,8.8,2,no,0,1
C001211,38,55.45,2086.91,month-to-month,bank_transfer,0,17.5,1,yes,0,0
C001212,9,63.82,574.1,month-to-month,credit_card,1,24.0,1,no,0,0
C001213,4,99.68,403.1,month-to-month,credit_card,5,22.3,3,no,0,0
C001214,51,72.82,3717.75,one-year,mailed_check,0,19.7,2,no,0,0
C001215,1,65.84,63.45,one-year,credit_card,0,4.9,1,yes,0,0
C001216,17,80.69,1404.64,month-to-month,mailed_check,0,12.5,3,no,0,0
C001217,60,65.44,3891.62,two-year,credit_card,4,27.5,1,no,0,0
C001218,54,63.45,3394.2,two-year,credit_card,1,34.1,1,no,0,0
C001219,1,89.59,87.73,one-year,bank_transfer,0,32.2,3,no,0,0
C001220,1,73.05,70.2,month-to-month,bank_transfer,1,19.5,1,yes,0,0
C001221,40,43.33,1767.7,month-to-month,bank_transfer,0,14.5,1,no,0,0
C001222,37,111.72,4240.07,two-year,bank_transfer,2,21.5,4,no,1,0
C001223,50,71.55,3453.17,one-year,credit_card,3,32.3,1,yes,1,0
C001224,24,48.64,1169.46,two-year,credit_card,5,36.7,1,yes,0,0
C001225,3,54.49,162.7,one-year,electronic_check,6,10.8,2,yes,1,1
C001226,35,65.06,2152.79,month-to-month,bank_transfer,1,14.8,1,no,0,1
C001227,21,48.38,958.53,month-to-month,credit_card,2,28.3,1,yes,0,0
C001228,23,124.41,2819.13,month-to-month,mailed_check,5,28.6,4,no,0,1
C001229,43,95.18,3924.58,two-year,electronic_check,0,9.3,2,yes,0,0
C001230,39,100.06,3890.35,one-year,bank_transfer,1,36.2,3,yes,0,0
C001231,3,62.18,179.68,month-to-month,credit_card,11,18.0,1,no,0,1
C001232,56,71.74,4164.72,two-year,credit_card,5,19.2,1,no,0,0
C001233,35,67.27,2237.52,month-to-month,electronic_check,0,32.1,2,yes,1,0
C001234,26,87.24,2241.11,month-to-month,electronic_check,0,30.5,3,no,0,0
C001235,25,102.9,2479.26,month-to-month,credit_card,2,22.0,4,no,0,0
C001236,30,82.4,2552.05,month-to-month,credit_card,0,1.5,2,no,0,0
C001237,13,97.95,1277.17,one-year,mailed_check,0,1.5,4,no,0,0
C001238,34,66.37,2151.37,month-to-month,credit_card,8,38.7,1,no,1,1
C001239,30,58.82,1819.01,month-to-month,bank_transfer,3,25.2,1,yes,0,0
C001240,25,52.77,1331.94,two-year,credit_card,0,33.2,1,no,1,0
C001241,33,324.64,2034.24,month-to-month,bank_transfer,0,12.9,1,no,1,0
C001242,52,61.9,3085.45,two-year,bank_transfer,1,35.9,2,no,0,0
C001243,1,79.33,81.96,month-to-month,electronic_check,0,33.9,2,no,0,1
C001244,30,74.95,2307.26,month-to-month,bank_transfer,6,6.7,2,no,0,0
C001245,25,76.17,1873.39,one-year,credit_card,0,25.4,1,no,0,0
C001246,20,86.66,1648.3,one-year,bank_transfer,0,23.7,3,yes,0,0
C001247,18,61.25,1106.71,month-to-month,bank_transfer,4,32.6,2,no,0,0
C001248,17,55.1,966.12,two-year,electronic_check,0,9.6,2,yes,0,1
C001249,9,47.81,434.26,month-to-month,credit_card,0,24.8,2,no,0,0
C001250,19,103.51,2024.51,two-year,electronic_check,0,17.8,4,no,0,0
C001251,4,92.27,374.45,one-year,credit_card,0,30.2,4,yes,1,0
C001252,12,66.65,781.4,month-to-month,mailed_check,5,23.4,2,no,0,1
C001253,10,68.2,667.49,month-to-month,bank_transfer,0,37.0,1,no,0,1
C001254,18,73.35,1310.29,month-to-month,electronic_check,1,21.4,1,yes,0,0
C001255,28,103.78,2997.69,one-year,bank_transfer,0,32.6,4,no,0,0
C001256,6,74.68,459.18,month-to-month,credit_card,0,8.6,1,yes,0,0
C001257,14,62.8,,month-to-month,bank_transfer,1,10.5,2,no,0,0
C001258,72,84.51,5773.91,two-year,mailed_check,1,30.4,4,no,0,0
C001259,35,85.92,2972.95,month-to-month,bank_transfer,2,22.7,3,no,0,0
C001260,16,84.63,1332.82,one-year,electronic_check,3,44.1,2,yes,0,0
C001261,49,87.55,4161.71,one-year,credit_card,1,33.4,3,no,0,0
C001262,7,79.35,537.53,month-to-month,credit_card,0,19.9,2,no,0,0
C001263,21,76.63,1620.73,one-year,mailed_check,2,24.2,1,no,1,0
C001264,15,88.64,1300.0,month-to-month,bank_transfer,0,,2,no,1,0
C001265,58,75.9,4259.98,one-year,bank_transfer,0,12.7,2,no,1,0
C001266,40,56.2,2310.87,month-to-month,electronic_check,3,15.3,1,no,0,1
C001267,58,89.28,5303.11,one-year,bank_transfer,0,19.9,2,no,0,0
C001268,23,81.6,1883.45,month-to-month,credit_card,4,8.3,2,no,0,0
C001269,3,61.34,181.3,month-to-month,bank_transfer,0,12.7,1,no,0,1
C001270,28,77.31,2168.33,month-to-month,bank_transfer,0,5.2,1,yes,0,0
C001271,45,62.74,2823.89,two-year,credit_card,1,14.1,1,no,0,0
C001272,17,66.61,1110.87,month-to-month,electronic_check,0,25.3,2,yes,0,0
C001273,42,85.73,3643.01,one-year,credit_card,0,33.6,3,no,0,1
C001274,19,52.75,1042.3,month-to-month,electronic_check,8,15.2,1,no,0,1
C001275,26,84.46,2257.99,one-year,electronic_check,1,13.6,2,no,0,0
C001276,21,85.42,1824.08,month-to-month,bank_transfer,0,20.6,3,yes,0,0
C001277,23,67.06,1550.86,one-year,credit_card,0,25.0,1,no,0,0
C001278,26,45.73,1196.44,month-to-month,bank_transfer,2,27.7,1,no,0,1
C001279,28,69.0,1967.92,one-year,bank_transfer,0,22.6,2,no,0,0
C001280,29,85.69,2523.24,one-year,credit_card,1,23.8,2,no,1,0
C001281,66,83.73,5246.75,two-year,bank_transfer,2,6.6,2,no,1,0
C001282,39,78.62,3067.06,month-to-month,credit_card,0,26.8,2,yes,0,0
C001283,35,54.61,1814.44,month-to-month,mailed_check,3,15.5,1,no,0,1
C001284,31,59.4,1902.93,one-year,electronic_check,7,23.1,1,no,0,0
C001285,30,99.82,2946.3,two-year,credit_card,4,21.3,3,yes,0,0
C001286,3,74.47,213.82,two-year,bank_transfer,0,13.1,2,no,0,0
C001287,8,74.5,594.35,month-to-month,bank_transfer,2,7.3,2,no,1,0
C001288,38,93.9,3391.27,month-to-month,credit_card,0,21.4,3,no,0,0
C001289,32,66.28,2182.37,month-to-month,electronic_check,1,19.7,3,yes,0,0
C001290,61,55.62,3196.64,two-year,bank_transfer,1,20.2,2,yes,1,0
C001291,54,82.97,4224.37,one-year,credit_card,1,13.6,2,no,0,0
C001292,31,57.54,1823.28,month-to-month,mailed_check,1,,1,no,0,0
C001293,29,35.98,998.62,month-to-month,bank_transfer,0,14.7,1,no,0,0
C001294,24,45.47,1070.3,two-year,credit_card,3,16.1,1,yes,0,0
C001295,23,71.19,1552.38,month-to-month,credit_card,0,26.0,2,yes,1,0
C001296,23,111.21,2560.51,one-year,bank_transfer,1,23.5,4,no,0,1
C001297,55,56.11,3031.63,one-year,bank_transfer,0,20.0,2,no,0,0
C001298,47,92.9,4384.19,two-year,credit_card,0,27.9,2,no,0,0
C001299,19,96.45,1796.07,one-year,credit_card,0,11.7,4,no,0,1
C001300,27,70.84,1917.98,two-year,electronic_check,1,20.9,1,no,0,0
C001301,28,59.73,1633.93,one-year,bank_transfer,0,24.2,1,no,0,0
C001302,24,87.33,2102.95,month-to-month,bank_transfer,1,22.9,3,yes,0,0
C001303,35,73.38,2474.98,month-to-month,credit_card,1,35.2,2,no,0,0
C001304,39,54.73,2190.79,month-to-month,credit_card,0,21.0,1,no,0,0
C001305,40,91.49,3709.04,two-year,bank_transfer,1,25.2,3,no,0,0
C001306,24,58.88,1359.55,month-to-month,electronic_check,3,21.8,1,yes,0,1
C001307,7,64.67,462.22,one-year,bank_transfer,1,22.0,1,yes,1,0
C001308,18,60.04,1037.9,two-year,credit_card,0,28.4,1,no,0,0
C001309,10,76.11,752.72,month-to-month,bank_transfer,1,21.0,2,no,0,1
C001310,26,66.38,1666.31,month-to-month,mailed_check,2,9.9,2,yes,0,1
C001311,25,93.94,2242.37,one-year,mailed_check,1,40.8,3,yes,0,0
C001312,32,50.58,1654.82,month-to-month,credit_card,0,17.6,1,yes,1,0
C001313,28,74.03,2007.33,month-to-month,electronic_check,5,1.5,3,no,0,1
C001314,56,94.91,5318.76,one-year,bank_transfer,0,18.6,1,no,0,0
C001315,49,130.01,6460.96,two-year,electronic_check,0,28.1,4,no,0,0
C001316,7,90.48,652.03,month-to-month,mailed_check,0,17.9,2,no,0,0
C001317,4,69.97,283.4,two-year,mailed_check,1,22.9,2,yes,1,1
C001318,38,111.28,4263.28,month-to-month,credit_card,3,34.6,3,no,0,1
C001319,31,71.66,2265.77,one-year,credit_card,0,27.2,1,no,0,0
C001320,1,96.65,97.69,month-to-month,electronic_check,0,10.1,2,no,0,1
C001321,29,80.46,2230.04,month-to-month,bank_transfer,2,28.2,2,no,0,0
C001322,10,55.71,,month-to-month,electronic_check,0,14.1,1,no,0,1
C001323,23,67.82,1527.48,one-year,credit_card,4,22.1,1,no,1,0
C001324,42,80.16,3180.2,one-year,bank_transfer,4,26.7,2,no,0,0
C001325,29,68.77,1908.75,month-to-month,credit_card,0,28.9,1,no,0,0
C001326,7,91.55,619.33,one-year,electronic_check,4,22.4,3,no,0,0
C001327,14,75.23,1056.22,month-to-month,credit_card,1,30.1,2,yes,0,1
C001328,36,98.25,3353.85,month-to-month,credit_card,0,25.4,2,no,0,0
C001329,37,70.93,2589.05,one-year,electronic_check,1,24.7,1,yes,0,0
C001330,9,67.82,592.25,one-year,mailed_check,1,19.3,1,no,1,0
C001331,9,88.71,807.95,month-to-month,bank_transfer,0,24.5,1,no,0,0
C001332,40,73.38,3032.52,one-year,bank_transfer,2,28.1,1,no,0,0
C001333,18,59.77,1043.51,two-year,electronic_check,0,12.3,1,yes,1,0
C001334,3,70.22,218.76,month-to-month,electronic_check,0,7.8,1,yes,0,0
C001335,49,62.12,2904.46,one-year,bank_transfer,0,12.7,2,yes,1,1
C001336,8,83.69,685.64,month-to-month,credit_card,0,6.9,3,yes,0,0
C001337,27,92.49,2575.87,month-to-month,bank_transfer,1,24.5,2,no,0,1
C001338,10,69.17,675.07,one-year,bank_transfer,3,24.1,1,no,0,0
C001339,4,67.11,260.61,two-year,credit_card,2,28.7,2,no,0,0
C001340,29,57.7,1700.42,month-to-month,credit_card,1,22.0,2,yes,0,0
C001341,44,69.57,2962.6,two-year,credit_card,2,37.0,2,no,0,0
C001342,30,453.56,2066.58,month-to-month,bank_transfer,0,14.0,3,no,0,0
C001343,33,56.6,1792.31,one-year,bank_transfer,1,25.4,1,no,0,0
C001344,33,73.75,2526.73,month-to-month,credit_card,0,18.4,2,no,0,1
C001345,58,61.89,3692.21,two-year,bank_transfer,0,11.8,1,no,0,0
C001346,22,428.68,1315.02,month-to-month,mailed_check,1,29.2,1,no,0,0
C001347,50,94.09,4600.82,two-year,electronic_check,3,7.7,2,yes,0,0
C001348,72,65.63,4800.78,two-year,credit_card,4,7.5,1,no,0,0
C001349,23,75.53,1657.97,one-year,bank_transfer,0,31.2,3,no,0,0
C001350,26,93.15,2472.99,month-to-month,credit_card,1,15.5,4,no,0,1
C001351,8,77.11,634.17,month-to-month,electronic_check,0,28.6,3,no,0,0
C001352,38,96.51,3542.23,month-to-month,credit_card,0,20.3,2,no,0,0
C001353,16,78.07,1216.31,month-to-month,bank_transfer,2,22.0,3,yes,0,0
C001354,36,70.41,2597.35,one-year,credit_card,1,35.1,1,yes,0,0
C001355,37,78.48,2925.24,month-to-month,bank_transfer,1,12.0,3,yes,0,0
C001356,22,67.36,1425.33,two-year,electronic_check,2,14.5,1,no,0,0
C001357,34,68.11,2396.1,month-to-month,electronic_check,2,11.6,1,yes,0,0
C001358,53,62.69,3306.38,two-year,electronic_check,0,26.3,2,yes,0,0
C001359,64,63.91,4005.77,two-year,bank_transfer,0,27.0,1,no,0,0
C001360,54,64.1,3535.28,one-year,mailed_check,4,16.1,2,yes,0,0
C001361,11,79.34,866.0,one-year,credit_card,5,18.3,2,yes,0,0
C001362,6,49.16,280.25,month-to-month,bank_transfer,1,31.2,1,no,0,0
C001363,27,41.34,1149.8,month-to-month,bank_transfer,1,24.0,1,no,0,0
C001364,19,70.92,1274.53,month-to-month,mailed_check,0,34.1,2,no,0,0
C001365,4,53.47,211.41,month-to-month,credit_card,0,16.2,2,yes,0,0
C001366,33,50.38,1572.37,month-to-month,bank_transfer,0,26.5,1,yes,0,0
C001367,29,72.79,2042.81,one-year,credit_card,0,32.6,1,no,0,0
C001368,10,92.91,914.25,one-year,electronic_check,0,22.6,3,no,0,1
C001369,17,77.99,1253.71,two-year,bank_transfer,0,34.3,2,yes,1,0
C001370,10,57.97,571.29,month-to-month,bank_transfer,1,27.5,1,no,0,0
C001371,34,67.15,2332.25,month-to-month,mailed_check,2,21.7,1,yes,0,0
C001372,53,96.88,4998.58,two-year,electronic_check,2,8.4,2,no,0,0
C001373,34,89.6,3118.29,month-to-month,bank_transfer,0,22.9,1,no,0,0
C001374,7,65.67,470.05,month-to-month,credit_card,0,22.1,2,yes,0,0
C001375,16,60.25,986.47,month-to-month,bank_transfer,0,20.5,1,no,0,0
C001376,9,74.75,687.28,month-to-month,credit_card,0,20.0,2,no,0,0
C001377,11,98.12,1068.54,month-to-month,credit_card,4,,2,yes,0,1
C001378,1,47.67,46.36,month-to-month,electronic_check,2,36.9,1,no,0,1
C001379,1,116.56,112.56,one-year,credit_card,0,15.1,4,no,0,1
C001380,19,89.45,1738.34,two-year,credit_card,4,12.9,3,no,0,0
C001381,24,57.46,1402.12,two-year,bank_transfer,2,16.9,1,yes,0,0
C001382,8,71.59,545.78,month-to-month,bank_transfer,0,34.6,2,no,0,0
C001383,48,45.66,2172.94,one-year,credit_card,2,19.3,1,no,0,0
C001384,15,67.34,1017.2,month-to-month,bank_transfer,0,4.4,1,no,0,0
C001385,25,101.59,2457.39,month-to-month,bank_transfer,2,27.7,3,no,0,0
C001386,27,54.36,1451.48,month-to-month,credit_card,2,27.9,2,no,0,0
C001387,20,69.47,1416.04,one-year,electronic_check,0,21.5,1,no,0,0
C001388,15,71.13,1103.17,month-to-month,electronic_check,1,28.3,1,no,0,0
C001389,28,77.16,2193.16,two-year,credit_card,0,6.7,2,no,0,0
C001390,39,50.09,1979.03,month-to-month,bank_transfer,0,22.8,1,no,0,0
C001391,15,74.32,1106.61,month-to-month,bank_transfer,2,45.2,1,no,0,1
C001392,36,61.73,2214.21,one-year,credit_card,0,26.1,1,yes,0,0
C001393,9,105.46,981.93,month-to-month,credit_card,0,25.1,4,yes,0,0
C001394,38,91.2,3367.35,month-to-month,bank_transfer,1,22.5,3,no,0,0
C001395,36,50.7,1895.14,month-to-month,credit_card,2,26.3,1,no,1,0
C001396,26,91.72,2356.15,month-to-month,bank_transfer,0,11.0,3,no,0,0
C001397,16,71.84,,month-to-month,electronic_check,1,15.5,3,no,1,1
C001398,38,82.91,3086.39,one-year,credit_card,0,39.4,2,no,0,0
C001399,4,93.65,387.19,month-to-month,bank_transfer,0,8.9,3,no,0,0
C001400,16,72.97,1113.57,month-to-month,bank_transfer,2,,1,no,0,0
C001401,50,56.56,,two-year,electronic_check,3,,1,no,0,0
C001402,16,68.49,1136.14,one-year,credit_card,0,22.5,1,no,0,0
C001403,44,75.18,3180.92,two-year,electronic_check,1,8.5,2,no,0,0
C001404,11,95.95,1057.31,month-to-month,mailed_check,0,21.3,3,no,0,0
C001405,31,65.12,1948.75,one-year,bank_transfer,2,1.5,2,no,0,0
C001406,16,99.73,1575.18,two-year,credit_card,0,18.1,4,no,1,0
C001407,3,56.89,,two-year,electronic_check,1,26.2,2,no,1,0
C001408,27,79.54,2104.92,month-to-month,credit_card,1,15.2,4,no,0,0
C001409,10,80.67,790.97,two-year,credit_card,1,29.0,2,yes,0,0
C001410,10,76.2,779.43,one-year,electronic_check,2,22.2,2,no,0,0
C001411,34,82.17,2702.15,one-year,credit_card,1,16.1,3,no,0,0
C001412,14,117.19,1690.48,two-year,credit_card,0,9.3,4,no,0,0
C001413,6,68.07,402.38,month-to-month,mailed_check,0,18.0,1,no,0,1
C001414,15,85.72,1246.87,month-to-month,credit_card,2,35.0,3,no,0,1
C001415,19,65.67,1295.31,one-year,bank_transfer,5,25.3,2,yes,0,0
C001416,11,64.08,725.28,month-to-month,credit_card,0,20.2,2,no,0,0
C001417,36,46.97,1633.97,month-to-month,credit_card,0,1.5,1,yes,0,0
C001418,29,66.42,1812.24,month-to-month,bank_transfer,1,8.5,2,no,0,0
C001419,25,84.1,1982.31,month-to-month,credit_card,2,13.0,3,yes,1,0
C001420,9,95.43,849.27,month-to-month,electronic_check,0,20.1,3,yes,0,1
C001421,5,65.72,340.86,two-year,credit_card,0,12.1,1,yes,1,0
C001422,22,78.52,1626.29,one-year,electronic_check,0,32.5,2,no,0,0
C001423,11,64.06,669.98,one-year,credit_card,1,13.5,1,no,1,0
C001424,39,42.29,1610.55,month-to-month,bank_transfer,5,24.8,1,no,1,0
C001425,35,60.31,2070.55,month-to-month,credit_card,1,20.2,1,no,0,0
C001426,16,75.73,1214.57,one-year,credit_card,1,25.7,2,yes,1,0
C001427,48,71.47,3526.96,two-year,mailed_check,2,30.3,2,no,0,0
C001428,30,53.39,1631.87,month-to-month,mailed_check,0,32.4,1,no,0,0
C001429,27,72.87,1978.77,two-year,credit_card,2,27.1,2,no,0,0
C001430,4,105.87,405.62,month-to-month,electronic_check,1,18.6,4,yes,0,1
C001431,10,98.85,1025.37,month-to-month,electronic_check,5,23.8,3,no,1,0
C001432,41,101.12,4120.51,one-year,bank_transfer,1,30.7,2,no,1,0
C001433,29,94.74,2836.89,month-to-month,electronic_check,2,8.0,4,no,0,1
C001434,24,79.73,1879.26,one-year,bank_transfer,0,22.7,2,no,0,0
C001435,16,75.51,1225.86,month-to-month,credit_card,2,22.0,1,no,0,1
C001436,17,77.93,1286.34,one-year,credit_card,0,28.3,1,yes,0,0
C001437,13,71.43,910.19,month-to-month,bank_transfer,2,10.0,1,no,1,0
C001438,12,56.53,665.78,month-to-month,electronic_check,2,12.5,2,no,0,0
C001439,14,67.03,892.54,month-to-month,bank_transfer,0,31.1,1,yes,1,0
C001440,21,86.72,1890.13,month-to-month,bank_transfer,0,1.5,3,no,0,0
C001441,54,80.42,4488.95,one-year,bank_transfer,0,20.1,2,no,0,0
C001442,31,80.9,2383.46,one-year,credit_card,0,14.2,3,no,0,0
C001443,9,85.4,751.11,month-to-month,electronic_check,1,16.7,2,yes,0,0
C001444,22,124.32,2662.27,month-to-month,credit_card,0,20.5,3,no,0,0
C001445,18,95.15,1760.49,month-to-month,credit_card,2,27.1,3,yes,0,0
C001446,11,48.71,544.61,month-to-month,mailed_check,0,25.7,1,no,0,0
C001447,26,82.59,2154.07,month-to-month,electronic_check,1,19.4,2,yes,0,0
C001448,40,71.74,2776.87,month-to-month,credit_card,0,35.1,1,no,1,0
C001449,34,59.06,1917.38,month-to-month,electronic_check,6,14.7,1,no,0,1
C001450,10,51.58,521.51,month-to-month,credit_card,1,10.4,1,no,0,1
C001451,40,100.24,3927.82,one-year,credit_card,0,9.6,3,no,1,0
C001452,21,81.92,1747.34,one-year,electronic_check,0,29.7,2,yes,0,0
C001453,37,515.24,,two-year,mailed_check,1,34.8,2,no,0,0
C001454,32,86.58,2722.42,month-to-month,electronic_check,1,28.3,1,no,0,0
C001455,3,97.67,290.46,month-to-month,credit_card,1,31.0,3,yes,0,0
C001456,33,87.61,2820.19,month-to-month,electronic_check,0,29.4,3,yes,0,1
C001457,17,50.02,811.45,month-to-month,credit_card,0,6.1,1,yes,0,0
C001458,18,79.19,1470.05,one-year,credit_card,5,4.5,3,no,0,0
C001459,36,51.69,1798.23,one-year,credit_card,1,18.3,1,yes,0,0
C001460,2,58.66,112.87,month-to-month,electronic_check,0,27.9,1,no,0,0
C001461,35,103.4,3742.48,month-to-month,mailed_check,0,34.8,4,no,0,0
C001462,24,78.97,1829.32,month-to-month,bank_transfer,0,16.2,2,no,0,0
C001463,10,69.39,704.85,month-to-month,credit_card,0,15.9,2,no,0,0
C001464,3,73.37,217.99,month-to-month,bank_transfer,2,26.3,1,no,0,1
C001465,32,85.19,2704.03,month-to-month,electronic_check,0,21.2,3,no,0,0
C001466,40,60.93,2311.37,month-to-month,electronic_check,3,25.4,1,no,0,1
C001467,39,83.86,3396.93,month-to-month,bank_transfer,2,5.6,3,yes,0,0
C001468,25,105.39,2675.49,two-year,electronic_check,0,14.1,2,no,0,1
C001469,40,61.98,2349.62,one-year,electronic_check,2,9.9,1,no,0,0
C001470,9,82.65,772.78,month-to-month,credit_card,0,31.8,1,yes,0,0
C001471,16,95.92,1532.25,one-year,credit_card,0,16.3,4,no,0,1
C001472,6,112.87,649.69,month-to-month,credit_card,1,,3,no,0,1
C001473,26,69.53,1791.37,month-to-month,electronic_check,0,22.2,1,no,0,1
C001474,32,81.82,2519.31,month-to-month,credit_card,1,23.5,2,no,0,0
C001475,17,89.97,1498.52,month-to-month,bank_transfer,0,22.5,4,no,1,1
C001476,12,65.91,805.9,two-year,credit_card,1,26.4,1,no,0,1
C001477,54,59.34,3097.79,one-year,bank_transfer,1,27.7,1,no,1,0
C001478,1,42.39,,two-year,mailed_check,0,12.9,2,yes,0,0
C001479,31,92.19,2912.26,two-year,bank_transfer,3,31.6,3,no,1,0
C001480,5,67.08,322.52,month-to-month,credit_card,1,10.4,1,no,0,1
C001481,23,42.97,984.97,month-to-month,credit_card,1,30.4,1,no,0,0
C001482,4,57.79,225.71,month-to-month,bank_transfer,4,31.3,1,no,0,1
C001483,19,95.86,1887.35,month-to-month,electronic_check,1,24.8,4,no,0,1
C001484,19,70.22,1280.22,month-to-month,mailed_check,0,24.4,2,no,0,1
C001485,6,64.81,367.12,one-year,mailed_check,1,17.1,1,yes,0,0
C001486,24,83.27,2042.68,one-year,mailed_check,0,22.5,3,no,0,0
C001487,32,70.16,2169.3,month-to-month,bank_transfer,1,10.9,2,yes,0,0
C001488,65,85.86,5249.77,two-year,bank_transfer,0,1.5,1,yes,0,0
C001489,10,84.1,860.29,month-to-month,mailed_check,0,6.6,2,no,0,1
C001490,16,52.7,809.12,month-to-month,credit_card,3,15.8,1,no,0,0
C001491,17,66.24,1158.56,month-to-month,mailed_check,4,19.1,1,no,0,0
C001492,14,49.39,665.86,month-to-month,electronic_check,1,28.9,1,yes,0,0
C001493,17,93.18,1564.65,month-to-month,bank_transfer,3,30.7,3,yes,0,0
C001494,44,52.2,2342.03,two-year,electronic_check,0,19.5,2,no,0,0
C001495,1,57.89,56.18,month-to-month,credit_card,0,43.8,1,yes,0,0
C001496,30,72.68,2230.82,one-year,credit_card,1,52.0,1,no,1,0
C001497,5,93.62,477.73,two-year,mailed_check,1,18.4,3,no,0,0
C001498,16,81.67,1243.32,month-to-month,credit_card,0,17.3,3,yes,1,1
C001499,35,70.51,2388.48,month-to-month,credit_card,0,16.7,2,no,1,0
C001500,3,121.89,,two-year,bank_transfer,0,28.3,4,no,0,0
C001501,18,68.87,1223.0,month-to-month,credit_card,1,15.3,1,yes,0,0
C001502,66,91.25,5887.67,two-year,electronic_check,4,27.6,3,no,1,0
C001503,41,76.94,3127.71,one-year,credit_card,1,37.4,1,yes,1,0
C001504,31,58.06,1838.65,month-to-month,bank_transfer,2,20.4,2,no,0,0
C001505,13,59.54,787.1,month-to-month,bank_transfer,1,18.5,1,yes,0,0
C001506,5,106.02,545.01,month-to-month,credit_card,1,17.3,4,no,0,0
C001507,20,72.75,1421.71,month-to-month,credit_card,4,23.4,1,yes,0,1
C001508,20,99.18,1941.85,month-to-month,credit_card,0,39.3,3,yes,1,1
C001509,55,529.75,3152.19,one-year,electronic_check,6,35.2,1,no,0,0
C001510,31,89.81,2714.76,month-to-month,credit_card,1,32.7,3,no,0,0
C001511,63,100.95,6467.54,two-year,credit_card,1,18.1,4,yes,1,0
C001512,20,58.89,1145.38,month-to-month,bank_transfer,0,24.9,1,no,0,0
C001513,3,58.91,174.05,month-to-month,credit_card,0,14.2,1,no,0,1
C001514,70,54.38,3605.61,two-year,mailed_check,1,26.2,1,no,0,0
C001515,1,89.01,85.29,one-year,bank_transfer,0,29.9,3,no,0,0
C001516,20,46.17,894.21,one-year,mailed_check,0,21.4,1,no,0,1
C001517,28,63.6,1763.59,month-to-month,credit_card,2,13.0,1,yes,0,0
C001518,32,56.12,1695.1,month-to-month,bank_transfer,0,3.9,1,no,0,0
C001519,1,76.17,74.2,one-year,mailed_check,0,,2,no,0,1
C001520,4,95.46,363.35,month-to-month,credit_card,0,3.7,3,no,0,0
C001521,54,52.89,2822.92,two-year,bank_transfer,0,24.1,1,no,0,0
C001522,17,71.33,1211.56,month-to-month,mailed_check,2,15.1,1,yes,0,0
C001523,17,81.99,1448.81,one-year,bank_transfer,1,14.3,1,no,0,1
C001524,25,58.75,1387.28,month-to-month,credit_card,6,22.2,1,yes,0,0
C001525,17,68.5,1188.66,month-to-month,credit_card,3,35.5,2,no,1,1
C001526,2,48.75,95.33,month-to-month,mailed_check,0,27.1,1,no,0,0
C001527,7,98.77,713.72,month-to-month,credit_card,2,17.5,2,no,0,0
C001528,20,77.49,1508.8,one-year,credit_card,0,21.7,2,yes,0,1
C001529,65,88.79,5965.21,two-year,credit_card,2,26.1,2,no,0,0
C001530,25,32.82,773.95,month-to-month,bank_transfer,0,24.0,1,yes,0,0
C001531,21,72.87,1500.98,month-to-month,electronic_check,1,24.7,2,no,0,0
C001532,1,67.21,63.4,two-year,credit_card,3,25.2,2,yes,1,0
C001533,3,78.17,239.01,month-to-month,bank_transfer,1,28.8,1,no,0,1
C001534,36,69.49,2513.75,one-year,bank_transfer,2,28.7,1,no,0,0
C001535,28,68.67,1902.59,month-to-month,mailed_check,0,28.5,1,no,0,1
C001536,42,56.7,2434.05,one-year,credit_card,3,6.7,1,no,1,0
C001537,23,107.86,2544.48,month-to-month,mailed_check,0,15.4,3,no,0,0
C001538,47,85.81,4158.34,one-year,credit_card,3,23.0,1,yes,0,0
C001539,42,83.59,3327.19,two-year,electronic_check,1,12.2,3,no,0,0
C001540,1,53.29,50.11,month-to-month,bank_transfer,4,25.5,1,no,0,1
C001541,18,55.1,1017.64,month-to-month,mailed_check,0,29.8,2,yes,0,0
C001542,14,64.51,929.71,month-to-month,credit_card,3,25.0,1,yes,0,0
C001543,29,61.5,1702.64,month-to-month,credit_card,0,20.0,1,no,0,1
C001544,41,56.58,2206.77,two-year,bank_transfer,0,15.4,3,no,1,0
C001545,63,61.83,3897.54,two-year,credit_card,1,27.0,1,no,0,0
C001546,15,66.99,963.73,month-to-month,credit_card,1,13.8,1,no,0,1
C001547,6,49.57,287.24,month-to-month,credit_card,4,27.0,1,yes,0,0
C001548,15,83.38,1246.87,month-to-month,bank_transfer,0,13.3,2,no,0,0
C001549,53,59.78,3208.0,one-year,electronic_check,4,7.6,2,no,0,0
C001550,21,85.73,1713.54,month-to-month,credit_card,0,39.2,2,yes,0,0
C001551,36,85.9,3147.59,month-to-month,bank_transfer,0,37.5,2,no,0,0
C001552,10,50.61,488.55,month-to-month,electronic_check,3,1.9,1,no,0,1
C001553,1,126.16,121.32,one-year,credit_card,3,9.8,3,no,0,0
C001554,19,74.16,1342.87,month-to-month,credit_card,1,31.7,2,no,1,0
C001555,34,77.97,2516.42,month-to-month,electronic_check,0,21.8,2,yes,0,0
C001556,48,78.57,3832.44,one-year,credit_card,0,13.7,1,yes,1,0
C001557,47,75.2,3405.62,one-year,bank_transfer,0,35.5,2,yes,0,0
C001558,43,52.42,2147.51,one-year,bank_transfer,0,17.4,1,no,0,0
C001559,32,67.8,2114.35,month-to-month,credit_card,3,17.6,1,no,0,1
C001560,22,82.27,1757.65,month-to-month,credit_card,0,33.7,1,no,0,0
C001561,17,73.72,1184.36,month-to-month,mailed_check,0,19.6,2,no,0,0
C001562,31,50.23,1585.38,month-to-month,bank_transfer,0,22.9,1,yes,0,0
C001563,23,78.52,1773.36,one-year,credit_card,5,24.2,1,yes,0,0
C001564,10,64.71,648.16,two-year,credit_card,0,27.1,1,no,1,0
C001565,10,105.51,1022.45,month-to-month,electronic_check,1,20.0,3,no,0,1
C001566,12,81.59,1017.34,two-year,bank_transfer,0,34.1,2,yes,0,0
C001567,26,70.44,1843.47,one-year,mailed_check,2,17.1,1,no,0,0
C001568,24,76.12,1876.76,month-to-month,bank_transfer,6,38.2,2,no,0,0
C001569,17,65.79,1098.85,one-year,bank_transfer,2,17.7,2,yes,0,0
C001570,38,103.04,3681.72,month-to-month,credit_card,1,18.0,2,no,1,0
C001571,34,103.62,3525.78,two-year,electronic_check,1,39.4,3,no,0,0
C001572,40,46.8,1944.66,two-year,credit_card,0,29.7,2,yes,1,0
C001573,33,82.12,2764.86,month-to-month,credit_card,1,34.3,2,no,0,0
C001574,18,54.28,1001.27,month-to-month,credit_card,0,37.4,1,no,0,0
C001575,28,69.72,1964.92,month-to-month,credit_card,0,38.4,2,yes,0,0
C001576,49,52.92,2685.12,one-year,bank_transfer,3,26.1,2,no,1,0
C001577,30,74.22,2301.02,month-to-month,credit_card,2,6.5,2,yes,0,0
C001578,30,103.98,3186.47,month-to-month,bank_transfer,0,2.7,3,no,1,1
C001579,33,57.46,1879.63,month-to-month,credit_card,4,3.4,1,no,0,1
C001580,51,79.86,4122.24,one-year,electronic_check,0,11.4,3,no,0,0
C001581,1,61.39,63.14,month-to-month,bank_transfer,0,7.1,1,no,0,0
C001582,1,56.16,56.75,month-to-month,electronic_check,1,8.3,1,yes,0,1
C001583,34,78.27,2579.22,month-to-month,bank_transfer,1,25.0,2,yes,0,0
C001584,33,75.59,2432.66,month-to-month,bank_transfer,1,34.5,1,no,0,0
C001585,15,72.56,1046.84,month-to-month,bank_transfer,0,23.9,1,yes,1,0
C001586,51,42.16,2182.89,one-year,credit_card,1,21.2,1,no,1,0
C001587,22,52.55,1198.82,month-to-month,electronic_check,1,34.3,2,no,0,0
C001588,13,74.0,951.4,one-year,credit_card,1,29.2,2,no,0,0
C001589,18,110.21,1902.67,one-year,bank_transfer,1,24.7,4,no,0,0
C001590,8,93.38,718.67,month-to-month,electronic_check,0,24.3,3,no,0,0
C001591,31,68.21,,month-to-month,electronic_check,0,36.7,2,no,0,0
C001592,66,75.23,4758.0,two-year,bank_transfer,0,17.8,3,no,0,0
C001593,19,51.71,999.76,two-year,electronic_check,1,24.6,1,yes,1,0
C001594,48,94.85,4531.26,two-year,credit_card,1,35.7,3,yes,0,0
C001595,4,71.65,273.14,one-year,credit_card,1,28.9,2,no,0,0
C001596,51,80.92,4036.81,two-year,bank_transfer,0,23.6,1,no,0,0
C001597,12,39.57,483.82,one-year,bank_transfer,0,31.6,1,no,0,0
C001598,9,99.0,869.16,month-to-month,electronic_check,4,13.6,4,no,0,1
C001599,36,75.29,2682.46,one-year,credit_card,0,19.0,1,no,0,0
C001600,26,87.67,2334.83,one-year,credit_card,2,26.1,2,no,0,0
C001601,7,69.48,479.45,month-to-month,mailed_check,9,13.4,1,yes,0,1
C001602,11,79.0,836.38,one-year,electronic_check,2,11.4,2,no,0,1
C001603,47,64.9,2872.07,two-year,credit_card,5,29.1,2,no,0,0
C001604,51,78.72,4174.91,two-year,mailed_check,0,22.7,1,no,0,0
C001605,27,69.74,1812.72,two-year,bank_transfer,1,24.7,1,no,0,1
C001606,31,71.79,2181.1,one-year,electronic_check,0,22.8,2,no,0,0
C001607,31,46.7,,month-to-month,credit_card,0,10.7,1,no,0,0
C001608,25,56.66,1443.42,one-year,bank_transfer,0,15.5,1,yes,0,0
C001609,38,91.38,3450.2,one-year,credit_card,0,30.5,4,yes,0,0
C001610,21,83.48,1799.54,month-to-month,credit_card,0,18.6,3,no,0,0
C001611,31,71.78,2313.76,month-to-month,bank_transfer,0,21.4,2,yes,0,0
C001612,56,95.25,5417.62,one-year,bank_transfer,3,34.8,2,no,0,0
C001613,5,56.84,,two-year,bank_transfer,1,37.4,2,no,0,0
C001614,36,91.56,3408.73,two-year,bank_transfer,0,8.0,4,yes,0,1
C001615,53,73.02,3864.02,one-year,credit_card,0,14.7,2,no,0,0
C001616,24,42.03,1035.14,month-to-month,mailed_check,0,17.1,1,yes,0,0
C001617,26,89.36,2218.63,two-year,credit_card,0,12.7,1,yes,0,0
C001618,15,96.82,1475.19,month-to-month,credit_card,1,33.1,2,no,0,0
C001619,34,84.58,2768.33,month-to-month,credit_card,0,8.8,2,yes,0,0
C001620,5,85.47,408.07,month-to-month,bank_transfer,0,1.5,3,no,0,0
C001621,23,59.24,1413.22,one-year,electronic_check,2,16.7,2,yes,0,0
C001622,32,80.2,2558.75,month-to-month,bank_transfer,1,35.7,2,yes,0,0
C001623,12,65.5,797.28,one-year,electronic_check,1,37.7,1,no,0,1
C001624,17,92.07,1501.77,one-year,credit_card,4,33.9,2,yes,0,0
C001625,18,78.77,1404.92,one-year,mailed_check,1,18.6,1,no,1,0
C001626,12,77.53,906.87,one-year,electronic_check,1,12.0,2,no,1,0
C001627,21,109.51,2305.33,month-to-month,electronic_check,1,16.6,3,no,0,0
C001628,31,76.86,2472.34,month-to-month,credit_card,3,16.1,2,yes,0,0
C001629,6,59.52,355.73,month-to-month,credit_card,0,27.1,2,no,0,1
C001630,8,67.6,520.27,one-year,bank_transfer,1,22.5,1,yes,0,0
C001631,31,69.59,2221.53,month-to-month,credit_card,1,24.5,2,yes,0,0
C001632,17,78.97,1388.91,one-year,bank_transfer,0,15.0,2,yes,0,0
C001633,4,87.03,358.97,one-year,mailed_check,1,10.4,1,yes,0,0
C001634,3,89.61,278.82,two-year,credit_card,0,30.2,3,yes,0,0
C001635,18,90.68,1670.0,month-to-month,credit_card,0,28.1,2,no,1,0
C001636,1,66.97,67.67,month-to-month,credit_card,5,35.4,2,no,0,0
C001637,35,78.22,2593.25,one-year,credit_card,0,41.5,1,yes,0,0
C001638,18,56.93,1037.1,month-to-month,bank_transfer,0,24.5,1,yes,0,1
C001639,35,45.62,1580.11,month-to-month,bank_transfer,2,24.2,1,yes,0,0
C001640,9,57.96,,month-to-month,credit_card,1,32.4,1,no,0,0
C001641,1,88.07,85.3,month-to-month,credit_card,0,12.6,2,yes,0,0
C001642,30,52.51,,two-year,electronic_check,2,17.3,2,no,0,0
C001643,11,57.58,602.27,one-year,bank_transfer,3,8.0,1,no,0,0
C001644,33,57.18,1950.7,month-to-month,electronic_check,2,12.2,1,no,0,1
C001645,22,48.47,1038.06,one-year,credit_card,3,15.5,1,no,0,1
C001646,1,105.88,102.91,month-to-month,credit_card,0,20.7,4,no,0,0
C001647,26,81.44,2168.8,month-to-month,credit_card,4,19.1,3,yes,0,0
C001648,16,59.16,923.34,month-to-month,credit_card,1,26.8,1,no,0,0
C001649,32,100.5,3119.92,month-to-month,credit_card,0,22.4,3,no,0,0
C001650,28,86.4,2474.63,month-to-month,electronic_check,0,23.6,2,no,0,0
C001651,29,94.08,2811.16,one-year,bank_transfer,0,22.6,3,yes,0,0
C001652,54,83.33,4605.13,one-year,electronic_check,1,19.0,2,no,1,0
C001653,43,59.24,2583.47,one-year,bank_transfer,0,25.7,1,no,0,0
C001654,13,66.66,842.06,month-to-month,credit_card,0,18.6,2,yes,0,0
C001655,21,88.56,1877.96,month-to-month,bank_transfer,3,18.2,2,yes,0,0
C001656,2,93.11,191.94,one-year,electronic_check,2,,3,no,0,1
C001657,3,61.78,182.31,month-to-month,electronic_check,0,22.0,1,no,0,0
C001658,34,71.51,2408.6,month-to-month,credit_card,0,17.6,1,no,0,1
C001659,53,64.19,3284.21,two-year,bank_transfer,0,12.3,1,no,0,0
C001660,24,46.38,1143.74,month-to-month,bank_transfer,3,19.7,1,no,0,0
C001661,56,95.73,5149.71,one-year,bank_transfer,0,27.0,2,yes,0,0
C001662,26,60.96,1610.97,month-to-month,electronic_check,5,,3,no,1,1
C001663,27,68.17,1794.59,month-to-month,credit_card,2,14.3,1,no,0,0
C001664,11,45.87,494.78,month-to-month,credit_card,1,1.5,1,no,0,1
C001665,28,70.32,1855.36,month-to-month,electronic_check,2,1.5,1,yes,0,1
C001666,15,50.28,766.07,month-to-month,electronic_check,0,45.7,1,no,0,0
C001667,42,58.03,2473.86,two-year,bank_transfer,0,7.8,1,no,0,0
C001668,33,48.97,1614.37,month-to-month,bank_transfer,0,29.6,1,no,0,0
C001669,52,65.84,3468.62,one-year,credit_card,3,22.5,1,yes,0,0
C001670,38,93.19,3483.82,month-to-month,mailed_check,0,14.6,3,no,0,0
C001671,48,78.54,3720.13,two-year,bank_transfer,1,30.8,1,yes,0,0
C001672,44,65.51,2787.96,one-year,credit_card,0,11.2,1,no,0,0
C001673,17,60.75,1052.83,two-year,credit_card,0,20.5,1,yes,0,0
C001674,5,91.43,468.2,month-to-month,mailed_check,3,4.2,2,no,0,0
C001675,12,82.01,,one-year,bank_transfer,4,44.5,2,no,1,0
C001676,35,43.41,1519.91,month-to-month,mailed_check,1,26.7,1,yes,0,0
C001677,46,97.42,4577.74,one-year,credit_card,0,28.6,4,no,1,0
C001678,19,96.67,1827.85,month-to-month,electronic_check,1,24.9,3,no,0,0
C001679,17,103.11,1770.96,month-to-month,bank_transfer,0,37.3,2,no,0,0
C001680,2,92.78,180.39,one-year,bank_transfer,0,27.7,2,yes,0,0
C001681,39,56.45,2226.62,month-to-month,mailed_check,2,19.7,1,yes,0,0
C001682,16,87.69,1343.09,month-to-month,electronic_check,0,22.6,1,no,0,0
C001683,3,71.79,220.39,month-to-month,bank_transfer,0,11.0,2,no,0,0
C001684,24,81.48,1883.81,month-to-month,bank_transfer,0,28.2,3,no,0,0
C001685,51,47.63,2468.88,one-year,credit_card,0,23.0,1,no,0,0
C001686,40,78.19,3010.13,one-year,electronic_check,0,,3,no,0,0
C001687,12,56.16,634.4,month-to-month,bank_transfer,2,10.1,1,no,0,1
C001688,46,48.84,2325.23,one-year,credit_card,3,22.2,1,no,0,0
C001689,38,72.19,2605.33,month-to-month,mailed_check,0,5.4,1,no,0,0
C001690,22,68.05,1458.7,month-to-month,bank_transfer,4,19.2,2,no,0,0
C001691,2,86.11,168.43,two-year,credit_card,0,9.9,3,yes,1,0
C001692,21,105.66,2152.53,month-to-month,mailed_check,0,18.3,3,yes,0,0
C001693,17,62.92,1109.06,one-year,bank_transfer,0,18.3,2,no,0,0
C001694,29,92.58,2671.11,month-to-month,credit_card,0,16.7,2,no,0,0
C001695,61,80.07,4893.64,two-year,mailed_check,1,11.7,3,no,0,0
C001696,15,62.08,959.3,month-to-month,bank_transfer,0,31.5,1,no,0,0
C001697,25,60.26,,one-year,credit_card,3,37.9,1,yes,0,0
C001698,29,74.09,2058.8,one-year,credit_card,0,20.5,2,yes,0,0
C001699,40,48.46,1986.7,month-to-month,bank_transfer,1,12.6,1,yes,0,0
C001700,32,112.23,3725.65,month-to-month,credit_card,0,30.3,3,yes,0,0
C001701,27,128.51,3285.64,month-to-month,credit_card,1,10.1,4,no,0,0
C001702,20,57.68,1109.93,month-to-month,bank_transfer,1,32.2,2,no,0,0
C001703,30,84.73,2465.44,one-year,credit_card,4,13.9,3,yes,0,0
C001704,35,75.95,2756.68,month-to-month,bank_transfer,0,29.5,2,no,1,0
C001705,26,87.74,2205.22,month-to-month,bank_transfer,0,30.8,3,no,0,0
C001706,39,41.33,1529.68,month-to-month,bank_transfer,0,26.9,1,no,0,0
C001707,13,38.01,488.53,month-to-month,mailed_check,1,18.5,1,yes,0,0
C001708,11,97.76,1087.19,month-to-month,electronic_check,2,19.8,2,yes,0,0
C001709,5,56.62,292.74,month-to-month,electronic_check,0,28.5,1,no,0,0
C001710,6,67.25,390.58,month-to-month,credit_card,0,6.8,3,no,0,0
C001711,28,52.26,1381.46,month-to-month,mailed_check,1,21.9,1,no,0,1
C001712,25,46.99,1190.76,month-to-month,electronic_check,1,29.1,1,yes,0,0
C001713,21,68.68,1376.45,month-to-month,mailed_check,3,33.4,2,no,0,0
C001714,40,84.59,3442.29,one-year,bank_transfer,1,43.9,3,no,0,0
C001715,8,73.18,561.33,two-year,bank_transfer,0,16.0,2,no,0,0
C001716,37,113.24,4015.65,month-to-month,mailed_check,0,24.3,4,no,0,0
C001717,9,80.02,719.31,month-to-month,credit_card,4,21.5,2,no,0,0
C001718,18,112.45,,one-year,credit_card,2,19.9,4,yes,0,0
C001719,16,78.33,1303.04,month-to-month,electronic_check,3,14.4,2,yes,0,0
C001720,33,98.59,3098.44,month-to-month,electronic_check,1,25.4,3,no,1,0
C001721,18,76.41,1295.42,month-to-month,credit_card,0,14.1,2,no,0,1
C001722,38,72.29,2586.63,month-to-month,mailed_check,1,,2,no,0,1
C001723,11,73.66,801.93,month-to-month,electronic_check,1,14.4,3,yes,0,1
C001724,27,98.25,2562.22,month-to-month,electronic_check,0,17.0,3,no,1,0
C001725,38,65.05,2512.4,month-to-month,credit_card,3,17.9,2,no,0,0
C001726,24,85.47,2120.6,one-year,credit_card,0,12.9,1,no,0,0
C001727,48,74.69,3529.84,one-year,credit_card,0,33.5,2,no,0,0
C001728,20,54.73,1055.58,month-to-month,electronic_check,2,7.4,2,yes,0,1
C001729,7,65.49,442.07,month-to-month,electronic_check,1,7.5,2,yes,1,1
C001730,5,68.73,347.91,month-to-month,mailed_check,1,26.4,1,yes,1,1
C001731,29,57.32,1724.18,month-to-month,mailed_check,2,7.6,1,no,0,0
C001732,11,90.03,950.45,month-to-month,bank_transfer,0,20.6,1,no,1,1
C001733,22,56.13,,one-year,credit_card,0,22.2,1,no,0,0
C001734,38,81.31,2993.54,month-to-month,electronic_check,4,12.2,2,yes,1,0
C001735,5,66.41,322.31,two-year,credit_card,2,29.4,1,no,0,0
C001736,11,76.99,874.74,one-year,electronic_check,0,10.0,2,no,1,0
C001737,51,74.79,3665.17,two-year,bank_transfer,1,16.2,2,yes,0,0
C001738,31,71.17,2241.98,month-to-month,bank_transfer,0,25.3,1,yes,0,0
C001739,13,67.5,904.57,month-to-month,bank_transfer,0,18.7,1,no,0,1
C001740,19,68.53,1254.09,month-to-month,bank_transfer,1,30.3,1,no,0,0
C001741,67,78.58,5426.95,two-year,bank_transfer,3,13.8,2,no,1,0
C001742,39,87.1,3247.7,one-year,bank_transfer,0,24.9,1,no,0,0
C001743,7,52.93,376.14,month-to-month,bank_transfer,1,32.5,1,no,0,1
C001744,38,95.29,3598.28,one-year,credit_card,0,17.5,3,no,1,0
C001745,1,82.72,82.01,month-to-month,bank_transfer,2,22.6,2,yes,0,0
C001746,37,80.61,2966.47,two-year,credit_card,0,20.1,1,no,1,0
C001747,29,68.8,1918.38,month-to-month,credit_card,0,42.6,3,no,0,0
C001748,29,119.9,3323.32,month-to-month,electronic_check,0,13.7,4,no,1,0
C001749,55,66.56,3758.47,one-year,mailed_check,2,27.9,1,yes,0,0
C001750,36,64.15,2325.21,month-to-month,electronic_check,2,22.3,1,no,1,0
C001751,32,84.43,2608.24,one-year,credit_card,0,45.5,1,yes,0,0
C001752,17,94.06,1624.64,month-to-month,credit_card,0,30.4,4,no,0,1
C001753,51,80.75,4089.34,one-year,mailed_check,1,19.7,2,no,1,0
C001754,32,52.6,1704.77,month-to-month,electronic_check,0,23.2,1,no,0,0
C001755,46,106.21,4648.46,one-year,electronic_check,0,31.9,4,no,0,0
C001756,28,43.96,1239.63,one-year,credit_card,0,3.0,1,no,0,0
C001757,8,87.13,689.24,month-to-month,credit_card,1,24.6,2,no,0,1
C001758,51,49.41,2540.18,one-year,credit_card,0,23.7,1,no,0,0
C001759,53,91.99,4611.45,one-year,electronic_check,1,26.5,2,no,1,0
C001760,14,91.39,1206.93,month-to-month,mailed_check,1,20.1,3,no,0,0
C001761,30,77.76,2402.14,month-to-month,mailed_check,0,21.6,2,no,1,0
C001762,5,60.72,300.4,one-year,credit_card,0,26.0,1,no,0,0
C001763,15,82.73,1205.41,two-year,bank_transfer,0,23.4,2,yes,1,1
C001764,32,64.25,2062.61,month-to-month,bank_transfer,0,44.3,2,yes,1,0
C001765,30,79.8,2393.73,month-to-month,credit_card,1,12.3,3,yes,0,0
C001766,9,91.88,791.03,month-to-month,credit_card,1,29.3,2,yes,0,0
C001767,39,74.3,2768.09,month-to-month,electronic_check,1,22.6,2,yes,0,0
C001768,31,85.23,2629.64,month-to-month,electronic_check,2,17.0,3,no,0,0
C001769,62,101.23,6398.73,two-year,credit_card,3,32.5,3,yes,0,0
C001770,29,47.53,1363.34,month-to-month,electronic_check,0,39.5,1,yes,0,0
C001771,33,58.59,1914.26,month-to-month,credit_card,2,15.5,1,no,1,0
C001772,11,42.45,472.3,month-to-month,bank_transfer,0,31.4,1,no,0,0
C001773,17,71.59,1170.05,month-to-month,electronic_check,5,26.0,2,no,0,1
C001774,32,36.77,1149.57,month-to-month,electronic_check,0,45.7,1,no,0,0
C001775,3,34.36,98.09,month-to-month,mailed_check,0,33.8,1,no,1,1
C001776,58,78.81,4497.13,one-year,credit_card,0,24.6,1,no,0,0
C001777,27,61.75,1732.98,month-to-month,bank_transfer,0,37.8,2,no,0,0
C001778,29,54.97,1650.25,one-year,credit_card,0,21.3,1,no,0,0
C001779,38,76.22,2749.32,two-year,credit_card,8,8.4,2,yes,1,0
C001780,3,34.69,105.43,two-year,bank_transfer,1,32.7,1,yes,0,0
C001781,15,61.76,871.96,month-to-month,bank_transfer,0,,1,no,0,0
C001782,71,80.8,5927.78,two-year,credit_card,1,20.0,2,no,0,0
C001783,34,44.12,1492.04,one-year,electronic_check,2,14.9,1,no,0,0
C001784,23,97.34,2259.69,one-year,bank_transfer,0,33.0,4,no,0,0
C001785,23,51.52,1120.74,month-to-month,electronic_check,2,11.4,1,no,0,0
C001786,37,80.21,2930.58,month-to-month,credit_card,0,19.3,2,no,0,0
C001787,24,78.88,1801.83,two-year,bank_transfer,7,28.1,2,yes,0,0
C001788,26,57.04,1394.12,one-year,bank_transfer,3,5.5,1,no,0,1
C001789,35,86.78,2930.13,month-to-month,electronic_check,1,23.0,2,no,0,1
C001790,17,66.42,1063.49,month-to-month,credit_card,0,21.9,1,no,0,0
C001791,3,74.87,231.51,month-to-month,bank_transfer,1,36.5,2,no,0,0
C001792,36,97.93,3326.23,month-to-month,electronic_check,1,27.7,4,yes,0,0
C001793,18,77.06,1354.09,one-year,mailed_check,2,9.2,3,no,1,0
C001794,31,65.01,2035.68,month-to-month,electronic_check,1,1.5,1,no,0,0
C001795,39,122.14,4779.06,month-to-month,electronic_check,0,28.7,4,no,1,0
C001796,8,64.21,520.98,month-to-month,mailed_check,1,13.8,1,yes,0,0
C001797,34,79.2,2580.61,month-to-month,credit_card,0,1.5,2,no,0,0
C001798,40,58.68,2429.94,two-year,credit_card,0,21.6,2,no,0,0
C001799,2,52.01,104.43,month-to-month,credit_card,0,19.6,1,no,0,0
C001800,30,82.67,2425.73,month-to-month,bank_transfer,0,30.3,3,no,0,0
C001801,11,72.65,792.78,month-to-month,credit_card,1,5.1,2,no,0,0
C001802,60,64.36,3766.18,two-year,credit_card,0,29.6,1,no,0,0
C001803,42,62.95,2739.03,two-year,electronic_check,0,33.4,1,no,0,0
C001804,20,90.14,,month-to-month,credit_card,1,12.4,3,no,0,0
C001805,8,74.15,573.53,month-to-month,credit_card,1,,1,yes,0,0
C001806,72,86.01,5922.84,two-year,mailed_check,0,16.4,3,no,0,0
C001807,70,62.07,4234.83,two-year,credit_card,0,12.5,1,no,0,0
C001808,37,100.84,3589.05,month-to-month,credit_card,7,22.1,4,no,0,0
C001809,56,60.62,3499.81,one-year,electronic_check,0,17.5,1,no,1,0
C001810,10,92.34,958.58,month-to-month,bank_transfer,1,14.2,2,no,0,1
C001811,39,33.86,1265.12,month-to-month,bank_transfer,1,12.1,1,yes,0,0
C001812,10,78.46,798.8,month-to-month,credit_card,0,37.4,2,no,0,1
C001813,27,84.09,2217.72,one-year,credit_card,3,24.0,2,no,0,1
C001814,35,99.96,3503.06,month-to-month,bank_transfer,2,4.4,4,no,0,1
C001815,39,102.81,3777.85,month-to-month,credit_card,2,33.8,3,no,0,0
C001816,14,66.12,962.26,month-to-month,bank_transfer,1,28.6,1,yes,0,0
C001817,17,51.65,835.4,month-to-month,credit_card,0,31.7,1,yes,0,0
C001818,21,51.18,1089.63,month-to-month,electronic_check,0,17.0,1,yes,0,0
C001819,21,57.27,1209.13,month-to-month,electronic_check,0,10.3,2,no,1,1
C001820,37,56.61,2001.81,one-year,credit_card,0,31.7,1,no,0,0
C001821,2,96.92,190.73,month-to-month,mailed_check,0,14.6,3,no,0,0
C001822,5,101.75,495.37,month-to-month,bank_transfer,0,7.5,2,no,0,0
C001823,12,62.86,711.3,month-to-month,bank_transfer,0,42.8,2,no,0,1
C001824,39,59.75,2347.14,month-to-month,credit_card,0,33.9,1,no,0,0
C001825,38,56.05,2182.48,month-to-month,bank_transfer,1,12.2,2,no,0,0
C001826,45,64.12,2995.3,one-year,electronic_check,0,12.6,1,no,1,0
C001827,22,85.75,1844.72,month-to-month,credit_card,4,30.7,2,yes,1,1
C001828,46,102.51,4737.71,one-year,credit_card,6,12.5,3,no,1,0
C001829,32,62.22,2000.38,month-to-month,bank_transfer,2,22.5,1,no,0,0
C001830,47,76.82,3547.36,one-year,credit_card,0,19.6,2,no,0,0
C001831,28,89.09,,month-to-month,electronic_check,0,14.5,2,no,1,1
C001832,34,76.2,2613.31,month-to-month,credit_card,0,9.5,2,no,1,1
C001833,6,76.82,451.85,month-to-month,bank_transfer,0,30.0,1,no,0,0
C001834,24,73.45,1776.5,one-year,mailed_check,0,2.2,2,no,0,0
C001835,51,74.25,3728.87,one-year,electronic_check,0,29.5,2,yes,0,0
C001836,35,92.05,3295.83,month-to-month,credit_card,4,25.6,2,no,0,1
C001837,26,57.97,1452.62,month-to-month,credit_card,2,28.8,2,no,0,0
C001838,39,77.05,2931.56,month-to-month,mailed_check,0,6.4,1,yes,1,0
C001839,10,48.96,490.19,two-year,bank_transfer,0,18.0,1,no,0,0
C001840,55,62.28,3256.75,one-year,credit_card,0,16.2,1,yes,0,0
C001841,10,79.99,799.28,month-to-month,credit_card,2,19.7,2,no,0,1
C001842,46,78.32,3408.5,one-year,credit_card,0,5.5,2,no,0,0
C001843,7,81.06,559.3,month-to-month,bank_transfer,2,23.3,2,no,1,1
C001844,35,94.04,3117.59,one-year,credit_card,0,27.5,3,yes,0,0
C001845,50,60.47,2975.24,two-year,bank_transfer,3,14.7,2,yes,0,0
C001846,48,82.03,3850.04,one-year,credit_card,1,28.2,2,no,0,0
C001847,34,83.91,,two-year,mailed_check,0,30.3,2,yes,0,0
C001848,38,72.79,2718.4,month-to-month,bank_transfer,1,34.6,1,no,0,0
C001849,17,72.99,1289.27,month-to-month,electronic_check,0,19.4,1,no,0,1
C001850,7,452.01,553.66,one-year,electronic_check,1,22.7,2,yes,0,0
C001851,11,86.14,929.9,one-year,bank_transfer,0,33.5,2,no,0,0
C001852,14,53.22,770.8,one-year,credit_card,1,26.1,2,no,1,0
C001853,18,73.94,1273.59,one-year,credit_card,0,28.7,2,yes,1,0
C001854,17,86.83,1522.03,month-to-month,mailed_check,4,18.2,1,no,0,1
C001855,68,65.28,4405.34,two-year,bank_transfer,0,27.8,1,no,1,0
C001856,25,70.09,1676.37,month-to-month,electronic_check,0,,2,yes,0,0
C001857,6,84.58,479.99,one-year,credit_card,1,18.8,2,yes,0,0
C001858,3,86.33,269.34,month-to-month,electronic_check,0,15.8,2,no,0,0
C001859,36,77.93,2732.12,month-to-month,electronic_check,2,41.4,3,no,0,0
C001860,35,118.63,4136.41,month-to-month,bank_transfer,0,26.3,4,no,0,0
C001861,8,98.05,747.74,month-to-month,credit_card,0,39.2,2,no,0,0
C001862,14,70.54,973.77,one-year,bank_transfer,0,24.3,1,yes,0,0
C001863,23,80.66,1847.04,month-to-month,electronic_check,0,24.3,1,yes,0,0
C001864,32,55.04,1724.41,one-year,credit_card,4,21.0,1,no,0,0
C001865,12,73.71,861.61,month-to-month,electronic_check,1,15.3,1,no,0,1
C001866,27,76.1,2136.37,one-year,bank_transfer,0,35.9,2,yes,1,0
C001867,5,67.25,320.43,month-to-month,bank_transfer,1,27.0,2,no,0,1
C001868,21,85.27,1740.96,month-to-month,credit_card,0,24.8,3,no,0,0
C001869,18,52.03,895.88,one-year,bank_transfer,4,24.2,1,no,0,0
C001870,11,54.52,603.71,month-to-month,credit_card,0,36.1,1,yes,0,1
C001871,14,86.9,1222.6,month-to-month,credit_card,0,11.2,3,no,0,0
C001872,25,69.68,1724.27,month-to-month,credit_card,0,28.1,2,no,0,0
C001873,48,72.14,3269.67,one-year,bank_transfer,0,22.2,2,no,0,0
C001874,14,101.79,1465.13,one-year,credit_card,0,14.7,3,no,0,1
C001875,5,50.3,253.65,month-to-month,credit_card,3,40.0,1,yes,0,0
C001876,21,88.42,1849.13,month-to-month,bank_transfer,0,23.7,2,no,0,1
C001877,10,77.41,,month-to-month,electronic_check,3,10.4,1,no,0,1
C001878,39,75.7,2945.11,month-to-month,bank_transfer,1,13.1,2,no,0,0
C001879,34,70.51,2299.14,month-to-month,electronic_check,1,20.4,2,no,0,0
C001880,28,70.65,1885.78,two-year,credit_card,4,10.6,1,no,0,0
C001881,50,116.04,5588.96,one-year,electronic_check,0,25.7,4,no,1,0
C001882,31,80.93,2578.64,month-to-month,credit_card,2,6.1,3,no,0,0
C001883,7,48.74,351.07,month-to-month,electronic_check,0,16.2,1,no,1,1
C001884,72,69.35,5149.13,two-year,credit_card,0,19.3,1,no,0,0
C001885,4,121.51,485.73,month-to-month,electronic_check,0,23.0,4,no,1,1
C001886,39,67.48,2639.24,month-to-month,credit_card,0,23.2,1,no,0,0
C001887,20,140.0,2885.11,one-year,bank_transfer,3,21.7,4,no,0,1
C001888,11,51.34,568.96,month-to-month,credit_card,0,32.3,1,no,0,0
C001889,58,83.24,4742.57,one-year,bank_transfer,0,13.6,1,yes,0,0
C001890,12,77.59,893.96,one-year,electronic_check,1,33.7,1,no,0,0
C001891,51,53.03,2753.65,one-year,electronic_check,2,39.0,1,no,1,1
C001892,25,60.32,1477.6,month-to-month,bank_transfer,2,27.7,1,yes,0,0
C001893,6,106.25,601.97,month-to-month,credit_card,0,30.7,3,no,0,0
C001894,38,77.85,2812.15,month-to-month,bank_transfer,1,28.8,2,yes,1,0
C001895,17,49.73,834.28,one-year,bank_transfer,0,12.4,1,yes,0,0
C001896,5,79.15,383.74,one-year,credit_card,2,16.5,2,no,0,0
C001897,16,44.92,681.19,month-to-month,mailed_check,0,23.7,1,no,0,1
C001898,9,88.01,788.78,month-to-month,mailed_check,3,18.8,2,no,1,1
C001899,40,85.43,3254.61,month-to-month,credit_card,0,9.5,2,no,1,0
C001900,16,68.55,1063.97,month-to-month,credit_card,0,17.6,1,no,0,0
C001901,51,64.45,3173.61,two-year,credit_card,0,25.7,1,yes,0,0
C001902,33,66.97,2220.88,month-to-month,bank_transfer,0,24.9,1,no,0,0
C001903,36,101.57,3501.17,month-to-month,bank_transfer,3,26.0,3,yes,0,0
C001904,26,71.19,1757.16,one-year,bank_transfer,4,24.3,3,no,0,0
C001905,43,55.37,2398.94,one-year,credit_card,1,10.9,1,yes,0,0
C001906,23,381.03,1600.48,month-to-month,credit_card,2,15.1,1,no,1,1
C001907,39,57.65,2268.14,month-to-month,mailed_check,1,29.8,1,no,0,0
C001908,17,66.68,1154.34,month-to-month,bank_transfer,4,19.5,2,no,1,0
C001909,31,91.87,2826.75,month-to-month,credit_card,3,46.5,3,no,0,0
C001910,14,60.45,874.99,month-to-month,credit_card,1,39.8,2,no,1,0
C001911,43,89.17,3919.98,one-year,electronic_check,0,25.9,3,no,0,0
C001912,31,62.62,1985.32,month-to-month,mailed_check,2,20.6,1,no,1,0
C001913,47,60.59,2830.75,one-year,electronic_check,1,11.9,1,yes,0,0
C001914,4,105.59,419.94,month-to-month,mailed_check,0,22.1,3,yes,0,0
C001915,13,59.39,738.03,month-to-month,bank_transfer,0,10.1,1,no,0,1
C001916,40,140.0,5564.04,month-to-month,credit_card,0,31.3,4,no,0,1
C001917,14,68.97,1001.29,one-year,credit_card,0,23.2,3,yes,0,0
C001918,46,61.19,2870.54,two-year,electronic_check,2,22.9,1,no,0,0
C001919,5,84.16,425.53,month-to-month,mailed_check,2,12.8,2,no,0,0
C001920,5,66.27,333.02,month-to-month,bank_transfer,2,28.1,2,yes,0,0
C001921,48,89.2,4098.86,one-year,electronic_check,1,21.2,2,yes,0,0
C001922,24,77.57,1771.12,month-to-month,electronic_check,0,24.3,2,yes,0,0
C001923,16,78.29,1253.29,month-to-month,bank_transfer,4,29.3,2,yes,0,1
C001924,57,71.33,3897.37,one-year,electronic_check,1,16.2,2,no,0,0
C001925,10,76.03,749.95,month-to-month,credit_card,0,24.4,1,yes,0,0
C001926,31,101.43,3246.16,one-year,electronic_check,1,28.6,3,no,0,0
C001927,7,108.92,759.2,month-to-month,mailed_check,0,34.4,4,no,0,0
C001928,34,81.22,2656.07,two-year,credit_card,0,31.0,1,yes,0,0
C001929,26,106.19,,month-to-month,mailed_check,2,22.3,3,no,0,0
C001930,44,97.78,4468.51,two-year,electronic_check,1,18.9,3,no,0,0
C001931,18,76.9,1347.49,month-to-month,credit_card,0,22.2,2,no,0,0
C001932,30,101.23,2932.37,month-to-month,bank_transfer,6,24.4,3,yes,0,0
C001933,10,60.34,620.95,month-to-month,bank_transfer,3,22.2,1,no,0,1
C001934,13,72.09,960.98,one-year,electronic_check,1,20.1,1,no,0,1
C001935,46,37.45,1703.09,one-year,mailed_check,3,14.3,1,no,0,0
C001936,16,85.62,1394.28,month-to-month,bank_transfer,0,19.5,1,no,0,0
C001937,37,69.61,,month-to-month,bank_transfer,3,3.5,2,no,0,0
C001938,20,80.62,1609.98,month-to-month,mailed_check,0,33.1,1,yes,0,0
C001939,12,50.75,617.75,month-to-month,credit_card,1,15.9,1,yes,0,0
C001940,15,76.14,1123.67,one-year,mailed_check,0,29.2,1,no,0,0
C001941,30,87.51,2680.77,two-year,bank_transfer,0,23.0,4,no,1,0
C001942,48,89.37,4329.48,one-year,mailed_check,0,10.4,2,no,0,0
C001943,55,63.1,3530.01,two-year,credit_card,2,40.6,1,yes,0,0
C001944,55,63.06,3548.64,one-year,credit_card,0,1.9,1,no,0,0
C001945,20,68.25,1349.93,two-year,electronic_check,0,11.7,1,yes,0,0
C001946,21,87.36,1732.43,one-year,credit_card,1,23.8,2,no,0,0
C001947,40,70.88,2672.77,one-year,bank_transfer,0,15.0,1,yes,0,0
C001948,39,100.88,3840.63,month-to-month,electronic_check,0,16.6,4,no,0,0
C001949,16,74.37,1154.5,month-to-month,electronic_check,0,31.5,1,no,0,0
C001950,7,95.66,633.13,one-year,bank_transfer,0,15.0,2,yes,0,0
C001951,33,49.11,1534.54,month-to-month,bank_transfer,7,22.0,1,no,0,0
C001952,45,48.92,2237.23,two-year,bank_transfer,3,19.9,1,no,1,0
C001953,6,72.9,444.37,month-to-month,credit_card,0,30.0,2,no,0,0
C001954,20,68.84,1345.31,month-to-month,bank_transfer,1,25.4,1,no,0,1
C001955,1,91.23,89.22,month-to-month,credit_card,9,16.7,3,yes,1,1
C001956,9,73.86,665.94,month-to-month,bank_transfer,0,28.3,3,no,1,0
C001957,59,70.98,4255.66,two-year,credit_card,0,13.2,3,yes,0,0
C001958,32,75.06,2392.24,one-year,mailed_check,2,27.7,2,no,0,0
C001959,17,81.06,1349.58,month-to-month,electronic_check,0,25.0,2,no,0,1
C001960,10,83.36,845.04,month-to-month,credit_card,2,17.8,2,no,1,0
C001961,14,71.64,1035.81,two-year,mailed_check,0,26.3,2,no,0,0
C001962,20,69.51,1350.19,one-year,bank_transfer,0,17.3,1,yes,0,0
C001963,12,54.65,651.15,month-to-month,electronic_check,0,27.7,1,no,0,1
C001964,1,86.41,82.34,month-to-month,credit_card,4,11.7,2,no,0,1
C001965,30,74.77,2283.35,month-to-month,credit_card,4,17.2,2,no,0,0
C001966,27,92.64,2369.61,month-to-month,mailed_check,0,5.4,3,yes,0,0
C001967,24,94.05,2248.58,one-year,bank_transfer,0,18.7,3,no,0,0
C001968,8,109.83,835.33,month-to-month,bank_transfer,2,22.7,4,no,0,0
C001969,22,62.22,1300.05,month-to-month,credit_card,0,20.2,1,yes,0,0
C001970,1,102.53,101.88,month-to-month,credit_card,1,20.3,4,no,1,0
C001971,30,93.66,2815.14,month-to-month,credit_card,0,26.9,3,no,1,1
C001972,37,70.06,2539.24,one-year,bank_transfer,2,23.5,3,no,1,0
C001973,2,67.33,135.3,one-year,electronic_check,2,13.6,2,no,0,1
C001974,22,77.53,1662.79,month-to-month,bank_transfer,0,1.5,2,no,0,0
C001975,62,95.15,5848.85,two-year,credit_card,0,30.9,2,no,0,0
C001976,2,38.26,79.14,month-to-month,mailed_check,0,25.6,1,no,0,0
C001977,32,64.21,2040.68,two-year,credit_card,0,28.9,2,no,1,0
C001978,30,47.81,1464.17,month-to-month,bank_transfer,1,10.1,2,yes,0,0
C001979,19,71.75,1334.75,month-to-month,bank_transfer,4,15.8,2,no,0,1
C001980,40,51.91,2102.14,month-to-month,bank_transfer,0,11.1,1,yes,0,0
C001981,8,74.66,614.87,month-to-month,bank_transfer,0,27.8,1,no,1,0
C001982,18,88.38,1554.94,month-to-month,credit_card,1,33.5,3,yes,0,0
C001983,51,46.74,2329.2,two-year,electronic_check,4,30.3,2,no,0,0
C001984,37,72.28,2710.85,one-year,bank_transfer,0,35.0,3,no,0,0
C001985,12,53.76,662.72,month-to-month,credit_card,1,12.8,1,no,0,0
C001986,20,42.39,834.89,month-to-month,bank_transfer,2,30.2,1,no,0,1
C001987,35,86.45,3104.0,two-year,electronic_check,1,19.7,4,yes,0,0
C001988,69,37.56,2620.39,two-year,bank_transfer,0,42.1,1,no,1,0
C001989,17,31.35,525.89,two-year,credit_card,0,17.4,1,no,0,0
C001990,21,70.01,1430.28,month-to-month,bank_transfer,2,19.3,2,no,0,1
C001991,27,80.46,2055.8,month-to-month,credit_card,0,,2,yes,1,0
C001992,27,87.81,2350.61,one-year,bank_transfer,0,41.8,2,no,1,0
C001993,15,54.06,831.92,month-to-month,bank_transfer,5,27.1,1,yes,0,0
C001994,18,50.9,938.32,month-to-month,credit_card,0,21.1,2,no,0,0
C001995,7,80.02,582.53,month-to-month,credit_card,3,11.2,2,no,0,1
C001996,5,61.33,306.58,month-to-month,credit_card,0,34.1,1,no,0,1
C001997,11,78.67,870.21,two-year,bank_transfer,2,15.1,2,no,0,0
C001998,16,103.59,1711.82,month-to-month,credit_card,3,25.9,4,no,0,1
C001999,38,53.91,1997.66,month-to-month,bank_transfer,0,25.3,1,no,0,0
C002000,55,55.21,2932.21,one-year,credit_card,2,17.5,1,no,0,0
C002001,3,64.03,196.91,month-to-month,bank_transfer,0,18.6,1,yes,0,0
C002002,19,83.25,1626.25,month-to-month,electronic_check,1,35.3,3,yes,0,1
C002003,3,82.96,238.51,month-to-month,credit_card,0,21.3,3,no,1,0
C002004,26,77.51,1978.93,month-to-month,electronic_check,4,18.3,2,yes,0,0
C002005,39,53.4,2152.21,one-year,electronic_check,0,1.5,1,no,1,1
C002006,42,65.9,2705.41,one-year,credit_card,0,11.2,2,no,0,0
C002007,26,67.48,1818.3,month-to-month,electronic_check,0,8.2,2,no,0,0
C002008,2,62.21,125.43,one-year,mailed_check,0,25.0,1,no,0,0
C002009,5,62.35,309.35,month-to-month,bank_transfer,0,17.5,3,no,0,0
C002010,11,339.19,707.9,one-year,credit_card,0,30.2,2,no,0,0
C002011,1,86.69,88.26,month-to-month,electronic_check,0,23.7,3,yes,0,1
C002012,36,64.49,2402.62,month-to-month,credit_card,1,1.5,1,yes,1,0
C002013,56,66.98,3845.83,one-year,mailed_check,0,15.2,1,no,0,0
C002014,20,84.97,1711.25,month-to-month,electronic_check,3,2.3,1,no,0,1
C002015,17,89.13,1447.94,month-to-month,mailed_check,0,26.2,4,no,0,0
C002016,33,62.61,2012.94,one-year,bank_transfer,1,18.3,1,yes,1,0
C002017,14,94.32,1319.0,month-to-month,credit_card,1,1.5,3,no,0,1
C002018,55,59.76,3240.0,one-year,credit_card,0,19.0,1,yes,1,0
C002019,49,52.74,2581.76,one-year,credit_card,0,31.3,1,no,0,0
C002020,68,65.02,4281.61,two-year,bank_transfer,5,14.7,1,no,0,0
C002021,7,70.98,497.64,month-to-month,credit_card,0,31.5,1,yes,0,0
C002022,15,63.29,928.84,one-year,electronic_check,1,12.2,1,no,0,0
C002023,19,84.08,1528.99,one-year,electronic_check,3,17.9,2,yes,0,0
C002024,3,85.83,,month-to-month,electronic_check,0,18.1,2,yes,0,0
C002025,37,644.32,3255.23,month-to-month,bank_transfer,2,11.3,2,no,0,1
C002026,29,93.24,2701.75,one-year,credit_card,0,,2,no,1,0
C002027,11,69.2,716.73,month-to-month,electronic_check,2,19.6,1,yes,0,0
C002028,50,72.74,3488.35,two-year,bank_transfer,0,14.0,1,yes,0,0
C002029,31,64.56,2025.71,one-year,credit_card,0,19.6,2,yes,0,0
C002030,29,73.25,2083.04,month-to-month,credit_card,0,18.0,3,yes,0,0
C002031,30,80.13,2482.82,month-to-month,bank_transfer,1,40.0,2,yes,0,1
C002032,11,72.59,775.91,month-to-month,bank_transfer,0,26.4,1,no,1,0
C002033,43,86.7,3667.78,two-year,electronic_check,0,26.8,1,no,0,0
C002034,14,62.13,866.33,one-year,bank_transfer,0,18.4,3,no,0,0
C002035,45,67.53,3058.12,one-year,credit_card,2,40.5,2,yes,0,0
C002036,5,74.84,372.71,one-year,mailed_check,7,12.2,1,no,0,1
C002037,52,55.28,,one-year,credit_card,0,26.7,1,no,1,0
C002038,20,64.19,1218.16,month-to-month,bank_transfer,1,16.9,1,no,1,1
C002039,34,68.46,2262.35,month-to-month,bank_transfer,0,26.9,1,no,0,0
C002040,40,71.93,2965.36,month-to-month,bank_transfer,2,34.6,2,yes,0,0
C002041,18,73.34,1350.71,month-to-month,credit_card,0,28.5,2,no,0,0
C002042,32,69.51,2187.45,month-to-month,electronic_check,0,25.7,1,yes,0,0
C002043,39,44.0,1763.31,month-to-month,bank_transfer,2,27.5,1,yes,0,0
C002044,37,64.21,2270.58,month-to-month,credit_card,3,31.2,2,no,1,0
C002045,22,46.08,1042.01,month-to-month,credit_card,0,22.4,1,yes,1,1
C002046,13,114.25,1487.42,one-year,bank_transfer,0,22.5,4,no,0,0
C002047,33,58.12,1948.72,month-to-month,credit_card,3,20.2,1,no,0,0
C002048,16,58.57,909.71,one-year,credit_card,0,16.3,1,no,0,0
C002049,30,78.83,2321.42,one-year,credit_card,1,28.0,2,no,1,0
C002050,39,85.74,3365.29,month-to-month,credit_card,3,24.2,3,no,0,0
C002051,39,67.81,2708.6,month-to-month,credit_card,0,11.0,2,no,0,0
C002052,30,75.05,2189.25,month-to-month,credit_card,0,30.0,1,yes,0,1
C002053,18,81.51,1464.2,month-to-month,electronic_check,0,25.8,2,yes,0,1
C002054,26,88.87,2346.44,two-year,credit_card,0,20.0,2,no,0,0
C002055,13,114.19,1413.83,month-to-month,credit_card,0,25.6,4,no,0,0
C002056,39,65.31,2581.49,month-to-month,credit_card,0,23.2,2,no,1,0
C002057,38,94.41,3621.56,month-to-month,credit_card,1,36.1,2,no,0,0
C002058,31,69.3,2126.99,two-year,electronic_check,0,3.8,2,no,1,0
C002059,30,65.44,2008.95,one-year,bank_transfer,0,24.4,2,yes,0,0
C002060,40,64.39,2534.81,two-year,electronic_check,0,7.2,1,yes,0,0
C002061,6,69.05,408.72,two-year,credit_card,0,12.5,2,yes,1,0
C002062,7,60.4,417.69,month-to-month,electronic_check,2,22.9,1,no,0,0
C002063,24,65.42,1567.99,month-to-month,credit_card,1,8.0,1,no,0,0
C002064,42,65.04,2734.24,two-year,bank_transfer,2,16.0,1,yes,0,0
C002065,13,71.22,939.37,month-to-month,electronic_check,0,19.7,3,no,1,1
C002066,23,66.44,1446.71,one-year,credit_card,0,4.0,2,no,0,0
C002067,8,85.59,657.97,month-to-month,bank_transfer,1,23.3,2,yes,0,0
C002068,32,74.11,2320.52,month-to-month,bank_transfer,1,27.4,2,yes,0,0
C002069,71,54.69,3881.03,two-year,credit_card,0,19.6,1,no,0,0
C002070,10,72.96,691.69,one-year,electronic_check,0,23.0,3,no,0,1
C002071,29,73.33,2047.55,one-year,bank_transfer,0,15.1,2,no,0,0
C002072,70,70.84,4835.71,two-year,credit_card,1,24.1,3,no,0,0
C002073,24,69.47,1683.04,month-to-month,electronic_check,2,2.3,2,no,0,1
C002074,23,60.31,1413.01,month-to-month,electronic_check,1,20.6,1,no,1,0
C002075,22,48.37,1105.99,two-year,mailed_check,6,24.3,1,no,0,0
C002076,34,101.15,3526.52,month-to-month,bank_transfer,1,19.6,3,no,0,0
C002077,9,82.36,699.09,month-to-month,bank_transfer,3,31.4,2,yes,1,1
C002078,54,64.77,3626.91,one-year,bank_transfer,0,26.2,1,yes,0,0
C002079,3,79.84,234.92,two-year,electronic_check,4,14.6,2,no,0,0
C002080,16,35.62,572.25,month-to-month,credit_card,7,23.0,1,no,0,1
C002081,23,71.69,1635.94,month-to-month,electronic_check,0,22.2,1,no,0,0
C002082,18,32.94,603.3,one-year,credit_card,4,17.0,1,yes,0,0
C002083,5,95.57,478.16,month-to-month,bank_transfer,0,16.1,4,no,0,0
C002084,4,96.8,,two-year,electronic_check,0,20.8,2,yes,0,0
C002085,63,49.37,2987.48,two-year,bank_transfer,0,6.1,2,no,0,0
C002086,35,88.19,3071.32,month-to-month,electronic_check,0,19.2,3,no,0,1
C002087,22,91.07,2018.39,one-year,electronic_check,3,32.2,2,no,1,0
C002088,44,77.19,3494.69,one-year,bank_transfer,2,23.8,3,no,0,0
C002089,45,97.77,4137.06,one-year,credit_card,1,24.7,2,yes,0,1
C002090,45,63.99,2899.68,one-year,bank_transfer,4,14.4,1,yes,0,0
C002091,13,84.34,1080.88,month-to-month,bank_transfer,0,33.4,2,no,0,0
C002092,3,66.31,196.55,month-to-month,bank_transfer,1,22.6,1,no,0,0
C002093,24,81.0,,one-year,credit_card,0,4.5,1,no,0,1
C002094,30,39.0,1169.97,month-to-month,credit_card,3,40.1,1,no,0,0
C002095,21,43.12,937.33,month-to-month,bank_transfer,0,19.6,1,no,0,0
C002096,28,61.55,1774.6,month-to-month,credit_card,0,14.1,3,no,0,0
C002097,3,62.62,190.08,month-to-month,credit_card,0,17.9,1,yes,0,0
C002098,8,53.56,413.91,month-to-month,bank_transfer,2,24.2,2,no,0,1
C002099,3,63.83,185.82,month-to-month,bank_transfer,0,19.9,2,no,0,0
C002100,47,57.99,2597.31,one-year,credit_card,0,20.3,1,no,0,0
C002101,29,94.38,2641.85,month-to-month,bank_transfer,2,11.8,3,yes,0,0
C002102,12,73.6,876.8,month-to-month,credit_card,3,15.2,1,yes,0,1
C002103,4,58.87,223.12,month-to-month,credit_card,1,21.4,2,no,0,0
C002104,28,87.06,2372.56,month-to-month,credit_card,1,22.2,1,yes,0,1
C002105,32,94.87,2981.23,month-to-month,electronic_check,1,30.1,3,yes,0,0
C002106,34,111.59,3607.37,month-to-month,mailed_check,0,24.0,4,no,0,0
C002107,61,90.9,5272.66,two-year,electronic_check,0,29.3,2,yes,1,0
C002108,37,44.14,1696.16,two-year,electronic_check,0,35.5,1,no,0,0
C002109,6,78.19,447.19,month-to-month,bank_transfer,1,14.5,3,yes,0,0
C002110,43,83.74,3616.83,one-year,credit_card,0,29.2,1,no,0,0
C002111,24,55.47,1293.31,one-year,credit_card,2,13.8,2,yes,0,0
C002112,18,72.34,1232.05,month-to-month,credit_card,0,25.7,2,no,0,0
C002113,27,94.34,2559.84,two-year,mailed_check,1,13.8,4,no,0,0
C002114,62,55.73,3476.56,two-year,credit_card,0,33.8,1,no,0,0
C002115,19,36.44,696.45,month-to-month,bank_transfer,4,22.6,1,yes,0,0
C002116,42,75.77,3268.74,one-year,electronic_check,5,34.1,2,no,0,1
C002117,10,66.38,690.21,month-to-month,electronic_check,0,12.0,1,no,0,0
C002118,17,65.15,1047.7,month-to-month,bank_transfer,2,17.1,1,no,0,0
C002119,36,108.12,3841.24,month-to-month,credit_card,2,29.8,4,no,0,0
C002120,46,77.83,3522.68,one-year,electronic_check,0,12.2,2,yes,1,0
C002121,17,73.65,1243.51,month-to-month,bank_transfer,4,31.3,2,yes,0,1
C002122,15,52.59,783.32,one-year,bank_transfer,2,17.4,1,no,1,0
C002123,15,91.3,1349.58,month-to-month,credit_card,0,24.9,3,no,0,0
C002124,3,65.34,187.87,month-to-month,credit_card,0,20.8,2,yes,0,0
C002125,1,48.23,48.35,one-year,electronic_check,2,11.8,2,no,0,1
C002126,3,48.75,139.34,month-to-month,electronic_check,2,19.6,1,no,0,1
C002127,4,88.31,352.86,one-year,bank_transfer,6,13.6,3,yes,0,0
C002128,27,65.0,1820.3,one-year,mailed_check,1,14.8,2,no,0,0
C002129,5,72.91,368.63,one-year,electronic_check,0,19.8,2,yes,0,0
C002130,34,94.8,3260.76,one-year,bank_transfer,3,25.1,2,yes,0,1
C002131,24,85.6,,two-year,mailed_check,2,22.0,2,yes,1,0
C002132,1,73.21,71.95,one-year,credit_card,0,13.9,2,yes,0,0
C002133,11,56.38,587.65,month-to-month,bank_transfer,4,25.4,1,no,0,1
C002134,9,472.52,793.43,month-to-month,electronic_check,0,17.6,2,no,1,0
C002135,28,95.25,2659.29,month-to-month,credit_card,1,3.6,4,yes,0,1
C002136,46,35.68,1654.85,one-year,electronic_check,0,38.6,1,no,0,0
C002137,39,66.56,2529.63,two-year,bank_transfer,1,19.8,1,no,1,0
C002138,11,79.98,846.44,month-to-month,credit_card,0,20.2,3,yes,0,0
C002139,56,59.45,3181.33,one-year,credit_card,0,1.9,1,yes,0,0
C002140,13,65.56,853.82,one-year,bank_transfer,1,34.0,1,no,0,0
C002141,36,71.57,2494.3,month-to-month,credit_card,0,31.7,1,no,0,0
C002142,9,116.39,1016.98,one-year,electronic_check,5,14.8,4,no,0,1
C002143,30,54.44,1611.97,month-to-month,electronic_check,2,14.9,1,no,0,0
C002144,20,54.91,1062.14,month-to-month,bank_transfer,1,26.6,1,no,0,1
C002145,45,97.34,4212.05,one-year,electronic_check,4,40.2,3,yes,0,0
C002146,38,70.45,2667.56,month-to-month,credit_card,1,30.5,2,yes,0,0
C002147,34,88.16,2884.77,month-to-month,credit_card,0,16.9,4,yes,1,0
C002148,5,73.74,360.32,two-year,mailed_check,2,35.2,2,yes,0,0
C002149,32,80.07,2621.29,month-to-month,bank_transfer,0,23.4,2,no,1,0
C002150,41,84.21,3535.78,one-year,bank_transfer,0,29.3,2,no,0,0
C002151,1,41.74,40.92,one-year,mailed_check,2,,1,no,0,0
C002152,23,98.16,2138.84,one-year,electronic_check,0,15.9,3,no,0,0
C002153,22,83.42,1769.9,month-to-month,electronic_check,4,14.3,2,no,0,1
C002154,5,77.13,388.06,one-year,mailed_check,2,4.7,2,no,0,0
C002155,6,53.85,334.33,month-to-month,electronic_check,0,17.6,1,yes,0,0
C002156,4,65.69,261.42,month-to-month,electronic_check,0,24.4,2,no,0,0
C002157,55,70.95,3791.35,two-year,credit_card,2,22.4,2,no,0,0
C002158,28,113.62,3178.27,month-to-month,mailed_check,0,9.5,4,yes,1,1
C002159,13,63.65,779.8,month-to-month,mailed_check,0,32.4,1,no,0,1
C002160,27,80.43,2095.01,month-to-month,credit_card,1,22.4,2,no,0,0
C002161,43,73.81,3158.45,two-year,credit_card,0,22.7,1,no,0,0
C002162,38,43.88,1715.23,month-to-month,bank_transfer,0,12.2,1,no,0,0
C002163,32,55.88,1854.51,one-year,bank_transfer,1,25.6,1,yes,0,0
C002164,62,87.05,5167.22,two-year,credit_card,1,10.7,4,no,0,0
C002165,31,74.96,2275.42,month-to-month,electronic_check,0,27.5,2,no,0,1
C002166,10,70.03,672.23,month-to-month,bank_transfer,0,23.4,2,no,0,0
C002167,52,73.31,3964.58,one-year,credit_card,1,30.0,1,no,0,0
C002168,18,99.54,1765.61,two-year,electronic_check,2,12.8,4,no,0,1
C002169,10,110.21,1109.45,month-to-month,electronic_check,0,20.0,3,no,0,1
C002170,24,78.23,1824.52,month-to-month,bank_transfer,3,30.4,3,no,0,0
C002171,8,69.64,532.53,one-year,electronic_check,0,31.3,2,no,0,0
C002172,3,80.84,,month-to-month,credit_card,3,27.5,2,yes,1,1
C002173,34,87.43,3004.48,month-to-month,bank_transfer,0,10.7,3,no,1,0
C002174,20,48.16,911.7,month-to-month,credit_card,0,24.1,1,no,0,1
C002175,13,64.29,861.87,month-to-month,mailed_check,3,22.3,1,yes,0,0
C002176,34,100.25,3493.2,month-to-month,credit_card,1,18.5,3,yes,1,0
C002177,10,65.56,637.78,one-year,electronic_check,3,27.0,2,no,0,1
C002178,54,66.4,3517.67,two-year,electronic_check,1,34.0,2,yes,0,0
C002179,18,60.53,1079.8,month-to-month,bank_transfer,5,30.2,1,no,0,1
C002180,22,47.2,1060.84,month-to-month,bank_transfer,1,22.6,1,no,0,1
C002181,38,113.06,4099.87,month-to-month,bank_transfer,0,15.1,4,yes,1,0
C002182,41,98.65,4033.35,one-year,electronic_check,1,30.0,3,no,0,0
C002183,10,67.18,638.33,month-to-month,mailed_check,1,7.5,2,no,0,0
C002184,23,63.45,1408.06,month-to-month,mailed_check,2,12.5,2,yes,0,0
C002185,14,89.57,1194.36,month-to-month,credit_card,0,9.5,2,no,0,0
C002186,22,82.61,1778.94,one-year,credit_card,0,26.1,2,no,0,0
C002187,31,54.08,1644.03,month-to-month,mailed_check,0,19.9,1,no,0,0
C002188,22,72.49,1571.73,month-to-month,credit_card,1,1.5,1,no,0,0
C002189,29,90.92,2738.16,two-year,credit_card,5,15.8,2,no,0,0
C002190,37,73.56,2627.35,one-year,credit_card,2,31.6,2,no,0,0
C002191,31,73.74,2258.2,month-to-month,credit_card,0,20.6,1,yes,0,0
C002192,20,79.62,1623.79,month-to-month,mailed_check,4,34.8,1,no,0,0
C002193,40,69.69,2625.38,month-to-month,mailed_check,1,6.5,1,yes,1,0
C002194,14,82.43,1178.66,month-to-month,credit_card,4,30.4,3,no,0,1
C002195,3,69.55,196.19,month-to-month,mailed_check,0,29.8,2,no,0,1
C002196,25,79.45,1991.22,one-year,bank_transfer,0,6.8,1,yes,0,0
C002197,22,56.89,1259.5,one-year,credit_card,4,9.5,1,no,1,0
C002198,29,52.79,1572.98,one-year,bank_transfer,0,33.6,1,no,1,0
C002199,14,67.51,963.64,month-to-month,credit_card,0,30.8,1,yes,0,0
C002200,5,80.05,385.54,one-year,mailed_check,0,15.2,2,no,0,0
C002201,7,105.26,750.02,two-year,bank_transfer,1,18.4,3,no,0,1
C002202,50,55.61,2766.13,one-year,bank_transfer,1,15.5,1,yes,0,0
C002203,38,90.06,3546.01,month-to-month,credit_card,0,14.2,3,yes,0,0
C002204,21,80.56,1656.3,month-to-month,electronic_check,1,7.7,2,yes,0,0
C002205,26,78.55,1935.23,one-year,credit_card,0,20.9,1,yes,0,0
C002206,8,85.09,697.47,month-to-month,bank_transfer,1,22.9,2,yes,0,0
C002207,28,88.41,2509.2,month-to-month,credit_card,0,29.9,2,yes,0,0
C002208,1,48.69,50.47,month-to-month,electronic_check,0,,1,no,0,1
C002209,4,104.61,415.31,month-to-month,bank_transfer,6,40.4,4,no,0,0
C002210,16,74.75,1223.96,one-year,mailed_check,0,11.0,2,no,1,0
C002211,56,68.89,3955.25,one-year,electronic_check,0,19.2,1,no,0,0
C002212,27,80.91,2124.05,one-year,mailed_check,1,18.9,3,yes,0,0
C002213,43,80.83,3277.54,one-year,bank_transfer,0,4.6,3,yes,0,0
C002214,9,56.6,523.09,month-to-month,credit_card,0,19.8,2,no,0,1
C002215,27,109.94,2856.54,one-year,credit_card,6,16.0,4,no,0,1
C002216,33,72.73,2341.41,month-to-month,bank_transfer,0,29.0,1,no,1,1
C002217,1,68.57,68.23,month-to-month,credit_card,0,16.8,1,yes,0,0
C002218,34,71.85,2358.83,month-to-month,electronic_check,0,1.5,2,no,1,0
C002219,37,60.51,2261.19,month-to-month,electronic_check,0,22.3,2,no,0,0
C002220,27,88.84,2394.18,one-year,credit_card,0,38.3,2,yes,0,0
C002221,37,76.03,2653.13,month-to-month,bank_transfer,2,42.5,2,yes,0,0
C002222,35,64.9,2217.25,one-year,credit_card,0,26.8,2,no,0,0
C002223,4,82.66,335.61,month-to-month,electronic_check,0,14.7,3,yes,0,1
C002224,33,61.57,2015.9,two-year,bank_transfer,5,24.9,1,yes,0,0
C002225,20,70.6,1386.06,month-to-month,bank_transfer,0,24.2,1,yes,1,0
C002226,34,45.89,1621.82,one-year,bank_transfer,3,17.2,1,no,0,1
C002227,27,106.43,2973.96,month-to-month,credit_card,0,26.8,4,yes,0,1
C002228,38,60.25,2329.65,month-to-month,electronic_check,1,1.5,1,no,0,1
C002229,59,57.13,3257.67,two-year,credit_card,0,6.3,1,yes,1,0
C002230,15,55.07,851.49,month-to-month,credit_card,0,22.0,1,no,0,0
C002231,6,86.98,507.59,month-to-month,electronic_check,0,37.8,1,no,1,0
C002232,27,61.06,1593.58,month-to-month,electronic_check,5,20.3,1,yes,1,0
C002233,37,79.74,2995.06,month-to-month,credit_card,3,20.5,3,yes,0,0
C002234,50,57.16,2842.13,one-year,bank_transfer,0,21.7,1,no,0,0
C002235,23,75.06,1683.8,month-to-month,electronic_check,0,41.7,2,yes,0,0
C002236,17,95.97,1601.48,month-to-month,mailed_check,1,24.5,3,yes,0,1
C002237,22,113.69,2369.88,one-year,credit_card,0,18.7,3,yes,0,0
C002238,23,84.94,1974.36,month-to-month,credit_card,0,26.2,2,yes,0,0
C002239,23,53.62,1182.04,month-to-month,credit_card,0,21.0,2,no,0,0
C002240,53,38.41,2064.85,two-year,bank_transfer,0,9.8,1,no,0,0
C002241,29,104.21,3060.56,month-to-month,bank_transfer,0,27.6,2,yes,0,0
C002242,21,63.44,1323.25,month-to-month,bank_transfer,2,17.3,2,no,0,0
C002243,28,73.73,2086.19,month-to-month,electronic_check,0,28.2,2,no,0,1
C002244,4,58.59,239.46,two-year,mailed_check,2,31.7,1,no,0,0
C002245,36,52.87,1842.49,month-to-month,electronic_check,3,9.4,1,no,0,0
C002246,33,82.13,2789.53,one-year,electronic_check,1,18.9,3,no,0,0
C002247,1,94.95,94.71,two-year,credit_card,1,13.9,2,yes,0,0
C002248,22,67.6,1537.28,month-to-month,credit_card,0,16.8,1,no,0,0
C002249,31,73.7,2186.3,two-year,electronic_check,0,6.6,3,no,0,0
C002250,1,492.91,72.22,month-to-month,electronic_check,1,27.4,2,yes,0,0
C002251,45,77.65,3369.51,two-year,credit_card,1,6.0,2,yes,0,0
C002252,38,79.02,3038.68,one-year,bank_transfer,0,7.2,1,no,0,0
C002253,7,65.01,437.27,month-to-month,electronic_check,1,36.4,1,yes,0,0
C002254,23,69.67,1520.2,month-to-month,bank_transfer,2,27.4,2,yes,0,0
C002255,26,92.84,2376.86,month-to-month,bank_transfer,0,33.2,2,yes,0,0
C002256,1,63.5,61.39,month-to-month,credit_card,2,22.8,1,yes,1,0
C002257,21,76.89,1578.45,month-to-month,bank_transfer,0,11.0,2,yes,0,1
C002258,46,71.56,3305.53,two-year,bank_transfer,0,20.3,1,no,0,0
C002259,22,72.72,1540.84,month-to-month,mailed_check,0,31.6,2,no,0,0
C002260,37,45.82,1730.38,month-to-month,bank_transfer,3,27.4,1,no,0,0
C002261,4,113.93,457.82,month-to-month,credit_card,3,13.0,4,no,0,1
C002262,35,77.08,2625.08,one-year,electronic_check,0,37.0,2,no,0,0
C002263,26,78.92,2128.79,one-year,bank_transfer,1,14.8,3,no,0,0
C002264,30,67.89,1976.75,month-to-month,electronic_check,2,27.5,1,no,1,1
C002265,1,58.97,60.34,month-to-month,credit_card,1,20.3,1,no,0,0
C002266,7,81.63,586.56,one-year,credit_card,1,28.0,3,no,0,0
C002267,36,82.19,3044.32,one-year,credit_card,1,17.5,1,no,0,0
C002268,51,69.46,3406.8,two-year,credit_card,1,13.4,2,no,0,0
C002269,1,67.73,63.95,month-to-month,electronic_check,1,33.8,2,yes,0,1
C002270,18,71.04,,one-year,credit_card,0,5.2,1,yes,0,0
C002271,18,88.04,1537.97,month-to-month,electronic_check,0,39.0,3,no,0,0
C002272,51,37.4,1908.18,one-year,electronic_check,3,21.1,1,no,0,1
C002273,24,96.73,2366.13,month-to-month,bank_transfer,1,23.8,3,no,0,0
C002274,22,93.77,1947.85,month-to-month,bank_transfer,1,22.3,2,yes,0,0
C002275,17,62.94,1015.0,one-year,credit_card,0,20.8,1,yes,0,0
C002276,27,40.45,1054.33,one-year,bank_transfer,1,17.4,1,yes,0,0
C002277,5,109.02,557.39,one-year,bank_transfer,2,33.4,3,no,0,0
C002278,51,55.14,2692.73,one-year,electronic_check,4,26.8,1,no,0,0
C002279,38,82.04,2981.85,month-to-month,credit_card,0,15.5,2,yes,0,1
C002280,6,69.45,405.35,month-to-month,mailed_check,3,6.0,2,yes,0,1
C002281,7,81.82,540.7,month-to-month,bank_transfer,1,2.9,1,yes,0,0
C002282,30,82.82,2512.92,two-year,credit_card,2,12.7,2,no,1,0
C002283,11,36.88,387.75,month-to-month,credit_card,0,13.2,1,no,0,0
C002284,22,98.4,2219.8,two-year,credit_card,2,15.3,3,yes,1,0
C002285,45,39.22,1832.08,one-year,bank_transfer,1,20.5,1,yes,0,1
C002286,7,44.44,299.46,one-year,bank_transfer,3,20.8,1,no,0,0
C002287,6,70.41,422.91,month-to-month,credit_card,0,29.5,2,yes,0,0
C002288,20,68.4,1382.61,one-year,credit_card,1,2.8,1,yes,1,0
C002289,35,101.72,3585.83,month-to-month,credit_card,0,18.1,3,no,0,0
C002290,39,70.25,2658.95,month-to-month,credit_card,1,22.1,2,yes,0,0
C002291,29,79.57,2228.96,two-year,electronic_check,1,13.6,2,no,0,0
C002292,21,87.03,1851.37,one-year,credit_card,3,11.3,1,yes,0,0
C002293,34,50.12,1606.83,one-year,credit_card,1,,2,no,0,0
C002294,44,86.27,3608.84,two-year,electronic_check,0,1.5,2,no,0,0
C002295,21,59.55,1242.17,month-to-month,credit_card,0,28.6,1,no,1,0
C002296,11,72.38,804.68,month-to-month,credit_card,1,27.0,1,no,0,0
C002297,8,79.94,647.81,one-year,bank_transfer,0,24.8,2,no,0,0
C002298,13,63.43,846.33,month-to-month,credit_card,1,16.5,1,no,0,0
C002299,24,72.66,1788.46,month-to-month,bank_transfer,0,33.3,1,no,0,0
C002300,23,87.03,2065.2,month-to-month,mailed_check,0,29.4,3,no,0,0
C002301,49,103.58,4930.78,two-year,credit_card,0,19.6,2,no,1,0
C002302,2,50.33,103.9,two-year,mailed_check,0,25.4,1,no,0,0
C002303,19,55.12,1057.98,month-to-month,mailed_check,0,15.0,2,no,0,0
C002304,13,68.48,873.9,month-to-month,electronic_check,8,17.1,2,no,0,1
C002305,56,135.72,7349.29,two-year,mailed_check,0,24.1,4,no,0,0
C002306,25,87.32,2202.36,month-to-month,mailed_check,0,22.3,3,yes,0,0
C002307,1,94.99,96.23,month-to-month,electronic_check,0,8.4,2,yes,1,0
C002308,4,82.43,337.18,month-to-month,mailed_check,0,4.9,2,no,0,0
C002309,25,79.52,1984.29,one-year,credit_card,2,9.5,2,no,0,0
C002310,19,24.73,487.43,one-year,bank_transfer,0,19.2,1,no,0,0
C002311,13,84.12,1054.12,month-to-month,electronic_check,0,16.0,4,yes,0,0
C002312,41,54.56,2284.03,one-year,credit_card,1,22.7,1,no,1,0
C002313,39,86.71,3490.59,month-to-month,credit_card,0,1.5,3,no,0,1
C002314,45,36.72,1689.61,one-year,mailed_check,1,19.6,1,no,0,0
C002315,19,51.58,981.19,one-year,electronic_check,0,51.8,1,no,1,0
C002316,20,63.3,1254.55,month-to-month,electronic_check,1,11.7,1,no,1,1
C002317,6,68.34,400.46,month-to-month,bank_transfer,2,17.9,1,no,0,1
C002318,14,51.77,,two-year,credit_card,0,16.2,1,yes,0,0
C002319,12,59.91,710.71,two-year,credit_card,0,1.5,1,no,0,0
C002320,19,80.76,1571.04,one-year,bank_transfer,3,35.2,2,no,0,0
C002321,50,71.46,3681.38,one-year,credit_card,5,22.3,2,no,0,0
C002322,17,91.32,1563.2,month-to-month,bank_transfer,0,29.3,3,no,0,0
C002323,19,84.76,1525.79,month-to-month,bank_transfer,0,24.3,3,yes,0,0
C002324,2,37.09,72.13,month-to-month,bank_transfer,1,28.3,1,no,1,1
C002325,45,67.07,3024.82,one-year,bank_transfer,0,19.8,2,no,0,0
C002326,27,60.08,1614.44,month-to-month,bank_transfer,1,28.3,2,no,0,0
C002327,2,66.67,132.85,one-year,electronic_check,0,25.1,1,yes,0,0
C002328,5,76.52,367.2,month-to-month,credit_card,0,33.4,3,no,0,0
C002329,51,49.04,2372.16,two-year,electronic_check,0,15.8,1,no,0,0
C002330,42,93.99,3805.15,one-year,credit_card,0,35.0,3,no,0,0
C002331,29,34.35,984.45,month-to-month,credit_card,0,5.7,1,no,1,0
C002332,19,55.68,1095.63,month-to-month,bank_transfer,0,25.9,1,yes,0,1
C002333,7,83.57,576.92,month-to-month,credit_card,0,18.0,1,no,1,1
C002334,38,52.39,2062.68,month-to-month,mailed_check,0,15.4,1,yes,0,0
C002335,20,67.21,,two-year,electronic_check,0,22.4,1,no,0,0
C002336,32,85.98,2714.82,month-to-month,credit_card,0,27.6,1,no,0,0
C002337,53,57.14,,two-year,electronic_check,4,24.5,1,no,0,0
C002338,26,66.16,,month-to-month,mailed_check,2,30.4,2,no,0,0
C002339,57,86.39,4845.76,one-year,mailed_check,1,27.0,2,no,0,0
C002340,33,83.11,2719.25,month-to-month,electronic_check,1,18.7,3,no,0,0
C002341,14,90.81,1256.77,month-to-month,electronic_check,1,18.3,3,no,0,0
C002342,12,64.99,747.51,month-to-month,credit_card,2,3.1,1,yes,1,0
C002343,27,69.15,1858.02,one-year,electronic_check,0,3.7,2,no,0,0
C002344,35,75.74,2556.05,month-to-month,credit_card,0,7.4,1,no,0,0
C002345,20,87.12,1639.13,month-to-month,credit_card,1,17.0,2,yes,0,1
C002346,7,71.21,492.95,one-year,credit_card,2,11.3,1,no,0,1
C002347,52,107.22,5523.68,one-year,credit_card,4,,4,yes,0,0
C002348,31,75.84,2405.27,month-to-month,credit_card,0,9.5,1,no,0,1
C002349,52,60.38,2964.68,one-year,bank_transfer,0,27.3,1,no,0,0
C002350,35,93.74,3372.05,month-to-month,bank_transfer,0,11.8,3,no,0,0
C002351,21,86.52,1734.48,month-to-month,credit_card,2,13.5,3,no,0,0
C002352,23,61.32,1385.1,month-to-month,credit_card,0,8.6,2,no,0,0
C002353,33,97.17,3148.86,month-to-month,bank_transfer,0,34.0,3,no,0,0
C002354,6,94.09,567.78,one-year,credit_card,3,27.6,3,yes,0,1
C002355,24,60.56,1385.21,month-to-month,bank_transfer,3,27.4,1,yes,0,0
C002356,26,52.23,1312.34,month-to-month,bank_transfer,1,21.7,1,yes,0,0
C002357,39,76.92,2859.18,month-to-month,bank_transfer,2,33.0,1,no,0,0
C002358,70,84.43,5598.4,two-year,credit_card,2,15.3,1,yes,0,0
C002359,13,70.76,935.66,month-to-month,mailed_check,2,11.8,1,no,0,0
C002360,3,59.56,185.13,month-to-month,credit_card,3,27.7,1,yes,0,0
C002361,58,65.5,3690.77,one-year,credit_card,2,35.4,1,no,0,0
C002362,24,95.41,2292.37,month-to-month,electronic_check,3,21.8,3,yes,0,0
C002363,15,31.55,,month-to-month,credit_card,1,21.7,1,no,1,0
C002364,35,79.57,2800.93,month-to-month,credit_card,2,11.7,2,no,1,0
C002365,42,70.2,2966.18,one-year,credit_card,0,19.5,2,no,0,0
C002366,25,60.33,1491.92,month-to-month,bank_transfer,1,28.4,2,no,0,0
C002367,14,97.01,1278.91,one-year,credit_card,4,18.3,2,yes,0,1
C002368,25,90.36,2279.98,one-year,credit_card,0,25.9,2,no,0,0
C002369,1,70.99,67.05,month-to-month,credit_card,2,22.6,2,no,0,1
C002370,25,74.06,1916.73,month-to-month,electronic_check,0,14.0,2,no,1,1
C002371,7,64.1,455.22,month-to-month,credit_card,3,28.0,1,no,0,1
C002372,20,91.9,1843.04,two-year,bank_transfer,0,14.9,3,yes,0,0
C002373,53,69.54,3717.52,one-year,credit_card,0,17.1,1,yes,1,0
C002374,35,108.26,3703.64,month-to-month,electronic_check,1,23.5,4,no,0,0
C002375,35,70.89,,month-to-month,bank_transfer,4,16.1,2,yes,0,0
C002376,43,66.47,2944.32,two-year,bank_transfer,2,11.4,1,no,0,0
C002377,7,67.67,485.51,month-to-month,bank_transfer,0,14.6,1,no,0,0
C002378,18,84.12,1469.42,one-year,bank_transfer,0,21.0,2,yes,0,0
C002379,25,79.11,1901.81,month-to-month,credit_card,2,12.8,2,yes,0,0
C002380,13,63.34,774.55,month-to-month,mailed_check,1,18.8,1,yes,0,1
C002381,35,94.47,3280.46,one-year,bank_transfer,1,31.0,4,yes,1,0
C002382,1,86.37,,month-to-month,bank_transfer,2,33.4,3,no,0,1
C002383,28,74.83,2109.03,month-to-month,mailed_check,0,28.7,2,no,0,0
C002384,58,55.28,3112.42,one-year,credit_card,0,26.6,1,no,1,0
C002385,26,53.55,1364.13,one-year,mailed_check,4,43.6,1,yes,0,0
C002386,25,84.49,,month-to-month,credit_card,1,18.2,2,no,0,0
C002387,49,56.19,2739.19,one-year,bank_transfer,0,25.9,1,no,0,0
C002388,10,91.65,943.57,month-to-month,electronic_check,0,17.8,2,no,0,1
C002389,30,74.51,2291.82,month-to-month,bank_transfer,2,21.3,1,no,0,0
C002390,5,84.34,434.68,month-to-month,bank_transfer,1,7.4,1,no,0,0
C002391,9,48.36,412.89,month-to-month,mailed_check,9,30.6,1,no,0,0
C002392,22,97.33,2124.31,one-year,credit_card,0,29.0,2,yes,1,0
C002393,16,87.72,1395.46,month-to-month,electronic_check,1,32.6,3,yes,0,1
C002394,42,92.18,3690.19,two-year,electronic_check,1,26.7,3,no,0,0
C002395,28,73.86,2014.93,one-year,mailed_check,0,12.0,3,yes,0,0
C002396,28,91.11,2416.65,month-to-month,credit_card,4,11.6,4,no,0,0
C002397,38,105.06,4056.06,month-to-month,bank_transfer,5,23.0,4,no,1,0
C002398,36,74.87,2586.23,month-to-month,mailed_check,4,25.9,2,no,0,0
C002399,46,81.6,,one-year,credit_card,0,21.1,2,no,1,0
C001701,27,128.51,3285.64,month-to-month,credit_card,1,10.1,4,no,0,0
C000021,72,66.64,4959.46,two-year,credit_card,0,35.1,2,no,0,0
C000732,8,82.42,669.14,two-year,bank_transfer,1,29.4,3,no,0,0
C000864,44,54.95,2405.56,two-year,credit_card,0,21.4,1,yes,0,0
C001381,24,57.46,1402.12,two-year,bank_transfer,2,16.9,1,yes,0,0
C000479,38,387.8,1783.45,one-year,bank_transfer,2,14.6,1,no,0,0
C000912,35,74.88,2697.18,one-year,mailed_check,3,22.3,3,no,0,0
C001563,23,78.52,1773.36,one-year,credit_card,5,24.2,1,yes,0,0
C001697,25,60.26,,one-year,credit_card,3,37.9,1,yes,0,0
C001538,47,85.81,4158.34,one-year,credit_card,3,23.0,1,yes,0,0
C002381,35,94.47,3280.46,one-year,bank_transfer,1,31.0,4,yes,1,0
C000735,27,85.66,2297.09,month-to-month,credit_card,1,15.8,2,no,0,0
C001171,36,71.3,2633.86,month-to-month,credit_card,0,29.9,1,no,0,0
C001546,15,66.99,963.73,month-to-month,credit_card,1,13.8,1,no,0,1
C001277,23,67.06,1550.86,one-year,credit_card,0,25.0,1,no,0,0
